sentiment,country,lag,p_value
P_pos_lag1,BEL,1,0.24684746229717602
P_pos_lag1,BEL,2,0.16411540258592586
P_pos_lag1,CHE,1,0.8749855495816363
P_pos_lag1,CHE,2,0.34217469139198325
P_pos_lag1,DEU,1,0.14431557595040773
P_pos_lag1,DEU,2,0.24507826300356114
P_pos_lag1,DNK,1,0.3981529919961524
P_pos_lag1,DNK,2,0.7258998997038093
P_pos_lag1,ESP,1,0.12444116112741906
P_pos_lag1,ESP,2,0.5212472850425106
P_pos_lag1,FRA,1,0.8975237193534831
P_pos_lag1,FRA,2,0.9922639695977474
P_pos_lag1,GBR,1,0.9987966494953948
P_pos_lag1,GBR,2,0.9255371734589042
P_pos_lag1,IRL,1,0.5754042188723221
P_pos_lag1,IRL,2,0.7518955538836127
P_pos_lag1,ITA,1,0.37839034888873335
P_pos_lag1,ITA,2,0.6959569399004166
P_pos_lag1,NLD,1,0.8985528218074836
P_pos_lag1,NLD,2,0.9019298268907547
P_pos_lag1,PRT,1,0.46877303313971325
P_pos_lag1,PRT,2,0.8525336270911613
P_pos_lag1,SWE,1,0.24925469578417825
P_pos_lag1,SWE,2,0.4097379646659882
P_pos_lag1,USA,1,0.04925361342603693
P_pos_lag1,USA,2,0.36988593864335845
P_neg_lag1,BEL,1,0.6062442503403815
P_neg_lag1,BEL,2,0.7464276003960939
P_neg_lag1,CHE,1,0.6593080878346312
P_neg_lag1,CHE,2,0.8457638733070731
P_neg_lag1,DEU,1,0.42671225041568056
P_neg_lag1,DEU,2,0.21177155273753318
P_neg_lag1,DNK,1,0.004147588714322328
P_neg_lag1,DNK,2,0.010066747594965083
P_neg_lag1,ESP,1,0.43925709613008795
P_neg_lag1,ESP,2,0.12996215921378174
P_neg_lag1,FRA,1,0.5234654001314645
P_neg_lag1,FRA,2,0.2355253222708311
P_neg_lag1,GBR,1,0.6281935438927734
P_neg_lag1,GBR,2,0.7691651726286043
P_neg_lag1,IRL,1,0.6170916731525602
P_neg_lag1,IRL,2,0.7406094980795471
P_neg_lag1,ITA,1,0.36012397469144564
P_neg_lag1,ITA,2,0.15121912846042815
P_neg_lag1,NLD,1,0.6985754901523239
P_neg_lag1,NLD,2,0.8921900630967879
P_neg_lag1,PRT,1,0.733509966195958
P_neg_lag1,PRT,2,0.849247074396489
P_neg_lag1,SWE,1,0.22276191508865653
P_neg_lag1,SWE,2,0.4480694557288758
P_neg_lag1,USA,1,0.7492153583647537
P_neg_lag1,USA,2,0.9769968894163269
net_sentiment_lag1,BEL,1,0.19237652590478777
net_sentiment_lag1,BEL,2,0.010279031509500281
net_sentiment_lag1,CHE,1,0.6781898465248976
net_sentiment_lag1,CHE,2,0.6649747157634743
net_sentiment_lag1,DEU,1,0.01416345482689488
net_sentiment_lag1,DEU,2,0.018450254494379592
net_sentiment_lag1,DNK,1,0.009789272863487578
net_sentiment_lag1,DNK,2,0.028692919220458746
net_sentiment_lag1,ESP,1,0.6522053855699865
net_sentiment_lag1,ESP,2,0.10957235651136098
net_sentiment_lag1,FRA,1,0.9227486826152292
net_sentiment_lag1,FRA,2,0.7898177381439788
net_sentiment_lag1,GBR,1,0.6150911547551862
net_sentiment_lag1,GBR,2,0.8219188920281004
net_sentiment_lag1,IRL,1,0.8021651358888251
net_sentiment_lag1,IRL,2,0.9469084913541266
net_sentiment_lag1,ITA,1,0.8180016194944304
net_sentiment_lag1,ITA,2,0.5241120922949075
net_sentiment_lag1,NLD,1,0.5965498639431478
net_sentiment_lag1,NLD,2,0.6820265946877806
net_sentiment_lag1,PRT,1,0.44782266935042614
net_sentiment_lag1,PRT,2,0.7944872735621459
net_sentiment_lag1,SWE,1,0.3372259720383713
net_sentiment_lag1,SWE,2,0.526396237911623
net_sentiment_lag1,USA,1,0.21471904533137334
net_sentiment_lag1,USA,2,0.4406002330924325
P_pos_lag1_rdm,BEL,1,0.17794401224099896
P_pos_lag1_rdm,BEL,2,0.1491325302596755
P_pos_lag1_rdm,CHE,1,0.3998033224797676
P_pos_lag1_rdm,CHE,2,0.6640845183428029
P_pos_lag1_rdm,DEU,1,0.07825159469524612
P_pos_lag1_rdm,DEU,2,0.31526823048909897
P_pos_lag1_rdm,DNK,1,0.11178517786220271
P_pos_lag1_rdm,DNK,2,0.357430445752417
P_pos_lag1_rdm,ESP,1,0.2005290598637023
P_pos_lag1_rdm,ESP,2,0.6599565285333439
P_pos_lag1_rdm,FRA,1,0.3100794130441088
P_pos_lag1_rdm,FRA,2,0.6527247656922502
P_pos_lag1_rdm,GBR,1,0.9231620771798553
P_pos_lag1_rdm,GBR,2,0.034435503861247684
P_pos_lag1_rdm,IRL,1,0.9155344450360535
P_pos_lag1_rdm,IRL,2,0.9532823494502805
P_pos_lag1_rdm,ITA,1,0.17899880207700533
P_pos_lag1_rdm,ITA,2,0.636253985896462
P_pos_lag1_rdm,NLD,1,0.8354571598991144
P_pos_lag1_rdm,NLD,2,0.9362143290007238
P_pos_lag1_rdm,PRT,1,0.9455783958283859
P_pos_lag1_rdm,PRT,2,0.9334148970696003
P_pos_lag1_rdm,SWE,1,0.08131395247801373
P_pos_lag1_rdm,SWE,2,0.27688347060251056
P_pos_lag1_rdm,USA,1,0.21347750559009526
P_pos_lag1_rdm,USA,2,0.22185898352158953
P_neg_lag1_rdm,BEL,1,0.78907529236036
P_neg_lag1_rdm,BEL,2,0.9191883346177058
P_neg_lag1_rdm,CHE,1,0.3706228548881242
P_neg_lag1_rdm,CHE,2,0.4257141125057805
P_neg_lag1_rdm,DEU,1,0.9315566264561793
P_neg_lag1_rdm,DEU,2,0.08383009225654214
P_neg_lag1_rdm,DNK,1,0.0025046383176866517
P_neg_lag1_rdm,DNK,2,0.007031902578658639
P_neg_lag1_rdm,ESP,1,0.24206446969300754
P_neg_lag1_rdm,ESP,2,0.04765327186220511
P_neg_lag1_rdm,FRA,1,0.34880574399476005
P_neg_lag1_rdm,FRA,2,0.13491134893453932
P_neg_lag1_rdm,GBR,1,0.8960303474349868
P_neg_lag1_rdm,GBR,2,0.7085820631453313
P_neg_lag1_rdm,IRL,1,0.9943026194983926
P_neg_lag1_rdm,IRL,2,0.8078486081998634
P_neg_lag1_rdm,ITA,1,0.2650790945865174
P_neg_lag1_rdm,ITA,2,0.2531159969828587
P_neg_lag1_rdm,NLD,1,0.37290286972622294
P_neg_lag1_rdm,NLD,2,0.6140347800729147
P_neg_lag1_rdm,PRT,1,0.9600151403615621
P_neg_lag1_rdm,PRT,2,0.9873828771403856
P_neg_lag1_rdm,SWE,1,0.15040725626035972
P_neg_lag1_rdm,SWE,2,0.4491997363450295
P_neg_lag1_rdm,USA,1,0.709856892312779
P_neg_lag1_rdm,USA,2,0.9509911733272146
net_sentiment_lag1_rdm,BEL,1,0.10927056656813328
net_sentiment_lag1_rdm,BEL,2,0.017591358900650955
net_sentiment_lag1_rdm,CHE,1,0.24164552940654593
net_sentiment_lag1_rdm,CHE,2,0.5121996909715901
net_sentiment_lag1_rdm,DEU,1,0.03147935828826333
net_sentiment_lag1_rdm,DEU,2,0.006803048976289074
net_sentiment_lag1_rdm,DNK,1,0.002526300199515042
net_sentiment_lag1_rdm,DNK,2,0.020826885210508427
net_sentiment_lag1_rdm,ESP,1,0.8978570074195155
net_sentiment_lag1_rdm,ESP,2,0.09888550265074213
net_sentiment_lag1_rdm,FRA,1,0.6558893096225733
net_sentiment_lag1_rdm,FRA,2,0.7211067492650443
net_sentiment_lag1_rdm,GBR,1,0.8100613383590456
net_sentiment_lag1_rdm,GBR,2,0.981032940986854
net_sentiment_lag1_rdm,IRL,1,0.9534895645650178
net_sentiment_lag1_rdm,IRL,2,0.9991484847932539
net_sentiment_lag1_rdm,ITA,1,0.9345805490447406
net_sentiment_lag1_rdm,ITA,2,0.7951608189397225
net_sentiment_lag1_rdm,NLD,1,0.2833744581915553
net_sentiment_lag1_rdm,NLD,2,0.5618089642105092
net_sentiment_lag1_rdm,PRT,1,0.969572784608027
net_sentiment_lag1_rdm,PRT,2,0.895991459605666
net_sentiment_lag1_rdm,SWE,1,0.6734832929274074
net_sentiment_lag1_rdm,SWE,2,0.5291679219230924
net_sentiment_lag1_rdm,USA,1,0.3352529482072902
net_sentiment_lag1_rdm,USA,2,0.38645652715868684
