tloans_gr,tmort_gr,money_gr,ca_gr,tloans_rgdp_gr,cpi,rgdpmad,net_sentiment_dm,P_pos_dm,P_neg_dm,net_sentiment_lag1_dm,P_pos_lag1_dm,P_neg_lag1_dm,crisisjst,year,iso
0.12826355129672073,0.12706618194732866,0.09261312384672138,0.18868856860056926,0.09636230350238661,119.02710704119848,20970.89428666414,0.0007243043478260755,-0.07249408695652174,-0.07321856521739131,-0.019627695652173913,-0.04307613043478262,-0.023448608695652212,0.0,1999,AUS
0.10524102109864852,0.16946548849178744,0.049710274205628346,-0.19702654153200494,0.084202656136805,124.3326631460674,21377.823125181403,0.04407630434782608,-0.027609086956521728,-0.0716855652173913,0.003709304347826084,-0.06680913043478262,-0.07051860869565221,0.0,2000,AUS
0.10326394672037797,0.13357284532764502,0.1385420285008112,-0.4141380662281453,0.08878928844126222,129.81217191011234,21662.025668109956,-0.27335769565217394,-0.08049408695652172,0.19286243478260867,0.047061304347826086,-0.021924130434782613,-0.0689856086956522,0.0,2001,AUS
0.1539814575446512,0.15875431657763905,0.0698798240879619,0.8109512971917727,0.12414663473031373,133.76959490636705,22236.935272996816,-0.1726436956521739,0.00046491304347828777,0.17310843478260868,-0.2703726956521739,-0.0748091304347826,0.19556239130434777,0.0,2002,AUS
0.18347054016871311,0.19493488399921355,0.11881336641021933,0.4904257195761046,0.1610533518020183,137.42260074906366,22666.27778851437,-0.19102469565217392,-0.022758086956521734,0.16826643478260872,-0.1696586956521739,0.006149869565217403,0.17580839130434778,0.0,2003,AUS
0.14593516672347384,0.13213354982844905,0.09082353429503476,0.269807633091365,0.11371563489845693,140.6407249438202,23322.00788305354,-0.012299695652173918,-0.013723086956521718,-0.001422565217391314,-0.18803969565217393,-0.01707313043478262,0.17096639130434782,0.0,2004,AUS
0.13885135903475532,0.12008794782099597,0.08296493424697537,0.007359624558657574,0.11764073771304528,144.38070711610487,23764.613687385267,0.004763304347826076,-0.03262408695652172,-0.03738656521739131,-0.00931469565217391,-0.008038130434782603,0.0012773913043477858,0.0,2005,AUS
0.14101212447649747,0.10715091529910792,0.1300964890775398,0.06666570021953722,0.12524658991020599,149.51231056179776,24097.573450962896,-0.03410069565217392,-0.03490708695652173,-0.0008065652173913085,0.007748304347826085,-0.026939130434782604,-0.03468660869565221,0.0,2006,AUS
0.20244167530969515,0.12225305518005003,0.22681184666273202,0.24780530708562454,0.16315099529322485,153.03485191011234,24911.57786781549,0.08336130434782607,0.031146913043478275,-0.05221556521739129,-0.03111569565217391,-0.02922213043478261,0.0018933913043477912,0.0,2007,AUS
0.15523846484966652,0.17309778866655678,0.16369985285010924,-0.23584724022289516,0.14118758264460896,159.68854112359548,25218.3018906546,-0.10091369565217392,-0.027354086956521723,0.0735584347826087,0.08634630434782609,0.03683186956521739,-0.04951560869565219,0.0,2008,AUS
0.08002557232278651,0.16296229408805352,0.03989428046846455,0.05318624220293344,0.07842890459544116,162.515271835206,25255.63884313768,-0.03353469565217392,0.026027913043478262,0.0595624347826087,-0.09792869565217392,-0.021669130434782607,0.0762583913043478,0.0,2009,AUS
0.03618048954707187,0.10372141003172342,0.10231473786319545,-0.19089292660086377,0.022861972306219558,167.16850546816477,25584.48835604182,0.1342773043478261,0.09413591304347829,-0.040140565217391316,-0.030549695652173914,0.03171286956521738,0.0622623913043478,0.0,2010,AUS
0.055860253451194275,0.0703091003558618,0.07897131594509865,-0.0829694569719629,0.04366160633584992,172.77847872659174,25883.527952005992,-0.012604695652173918,0.009894913043478282,0.022500434782608714,0.1372623043478261,0.09982086956521741,-0.03744060869565222,0.0,2011,AUS
0.046800533638428954,0.06727260776894117,0.07009207973725595,0.477808949935151,0.02669353472418079,175.69218576779022,26390.436830679035,0.01842030434782608,-0.030474086956521734,-0.0488945652173913,-0.00961969565217391,0.015579869565217397,0.025200391304347813,0.0,2012,AUS
0.09222093800763154,0.06787453723905923,0.06890284061109742,-0.19317063236495746,0.08665078788168512,180.04100224719096,26525.71368012829,0.14816730434782607,0.035476913043478275,-0.11269056521739129,0.021405304347826087,-0.02478913043478262,-0.0461946086956522,0.0,2013,AUS
0.0891060881993484,0.07864131500420979,0.07134043033654214,-0.05576887645684636,0.0774106221596571,184.5202832209737,26813.654579488142,0.06268330434782608,0.05847791304347827,-0.004205565217391294,0.1511523043478261,0.04116186956521739,-0.10999060869565219,0.0,2014,AUS
0.08960031996819806,0.07647426835269622,0.05903115920536961,0.5287666879450383,0.08034796748146578,187.26003760299625,27043.29298405261,0.09721430434782607,0.0407769130434783,-0.056436565217391294,0.06566830434782608,0.06416286956521738,-0.0015056086956521941,0.0,2015,AUS
0.06523553856829034,0.07586530050211193,0.06668526467080715,-0.27461283870282205,0.05445098113329783,189.65188666666663,27319.882367187696,0.03975530434782608,0.005117913043478278,-0.03463656521739131,0.10019930434782609,0.04646186956521742,-0.053736608695652194,0.0,2016,AUS
0.036472103197363825,0.05557347918921085,0.044774118228836146,-0.16293026148815648,0.02791401625697687,193.43535700374525,27547.33906570701,0.12381630434782609,0.01425891304347826,-0.1095565652173913,0.04274030434782609,0.010802869565217393,-0.03193660869565221,0.0,2017,AUS
0.04394025361041498,0.041909032509667155,0.024168509110888747,-0.15108668071535802,0.031339281530223584,197.1753391760299,27883.914290433742,0.10127830434782609,0.012912913043478275,-0.0883655652173913,0.1268013043478261,0.019943869565217376,-0.1068566086956522,0.0,2018,AUS
0.034021753286585854,0.04482366494552692,0.023912628145053683,-1.3574942856662922,0.030219928938631124,200.2629988764044,27986.814400679978,-0.034221695652173915,-0.009330086956521738,0.02489143478260869,0.10426330434782609,0.01859786956521739,-0.0856656086956522,0.0,2019,AUS
0.01619218905041575,0.033468564028620085,0.12703662635331092,2.8264552880474056,0.046206541904961096,202.0460136329588,27183.90781478999,0.02877630434782608,0.07183691304347828,0.04306043478260868,-0.031236695652173907,-0.003645130434782623,0.02759139130434779,0.0,2020,AUS
0.04801548886737672,0.06072623442547309,-0.015410996518136044,-0.11715722648198534,0.013679098732100492,122.49836279046556,20809.35868631145,0.07990552941176471,0.04164670588235292,-0.03825882352941176,-0.003800200692041511,-0.04067469896193776,-0.036874498269896194,0.0,2000,BEL
-0.001526539422637474,-0.0055740602270411,0.059565257269827976,-0.12906238326484865,-0.006819169366552025,125.4811979244134,20920.25111546414,-0.1977044705882353,-0.10066629411764705,0.09703917647058823,0.08262379930795849,0.04196330103806223,-0.04066049826989619,0.0,2001,BEL
0.014728795403642136,0.0684667441383553,0.07837501070611097,0.34355565086853934,0.0030906115982192173,127.4236468682833,21162.974678941075,0.07241052941176473,0.07326070588235295,0.0008501764705882431,-0.1949862006920415,-0.10034969896193774,0.0946375017301038,0.0,2002,BEL
0.0028886063194260014,0.06786687651145829,0.06925418569254171,-0.20407023144453307,-0.0033192900440900397,129.35666359127515,21294.789764994453,-0.11222247058823528,-0.09808529411764705,0.014138176470588237,0.07512879930795852,0.07357730103806226,-0.0015514982698961871,0.0,2003,BEL
0.06735181118335754,0.09414428987382717,0.09430604982206403,-0.020856312042514813,0.03525785409968374,131.75881683416512,21954.94806866455,0.059614529411764705,0.11311270588235295,0.05349817647058824,-0.1095042006920415,-0.09776869896193774,0.011736501730103807,0.0,2004,BEL
0.048345018020117925,0.1333749479816897,0.07154471544715446,-0.335279057859703,0.031906743798672865,135.10153801724786,22304.690386988525,-0.1288314705882353,-0.16093629411764707,-0.03210482352941176,0.062332799307958486,0.11342930103806226,0.05109650173010381,0.0,2005,BEL
0.07839003886791307,0.11623974568328288,0.04977238239757198,-0.03389308272993374,0.05187094931057712,138.2467018222894,22867.0218044584,-0.05530547058823529,-0.08352329411764706,-0.02821782352941176,-0.12611320069204152,-0.16061969896193776,-0.03450649826989619,0.0,2006,BEL
0.13692595617798453,0.11011660015754443,0.0896212778259613,0.07207781852973993,0.10646538917208814,140.75726192738216,23496.542128109177,0.12524852941176473,0.11584970588235294,-0.009399823529411766,-0.05258720069204151,-0.08320669896193775,-0.03061949826989619,0.0,2007,BEL
0.14862852459588116,0.09340008109541187,0.04828867073494303,-1.5262531607913135,0.13870559464944043,147.07509472600822,23701.29614233056,0.13386952941176472,0.11675870588235293,-0.017111823529411763,0.1279667993079585,0.11616630103806225,-0.011801498269896196,1.0,2008,BEL
-0.023868080351720944,0.05136854416568015,0.05365730194887375,-2.6229508196721314,0.005009482657744924,147.06692370583409,23020.27204796463,0.0535895294117647,0.059620705882352965,0.006031176470588234,0.1365877993079585,0.11707530103806224,-0.019513498269896193,0.0,2009,BEL
0.025123564889841354,0.07703578090554508,-0.032668748498678846,0.026994078718216574,0.00177444334369814,150.49875217896258,23556.82309859749,0.011548529411764707,-0.019541294117647073,-0.03108982352941176,0.056307799307958484,0.059937301038062274,0.003629501730103804,0.0,2010,BEL
0.07352959025148054,0.07888173722462244,-0.04296001986590514,-2.236730540953027,0.07020438077577751,155.54354003446144,23630.01600715963,-0.010820470588235293,0.032236705882352945,0.04305717647058824,0.014266799307958489,-0.019224698961937764,-0.03349149826989619,0.0,2011,BEL
0.08291666784435336,0.1946797270397591,0.32381940840685,-1.7902097902097902,0.05456186874135427,163.41876927827386,24265.37404213519,-0.08735747058823529,-0.13137429411764706,-0.04401682352941176,0.002718269896193698,0.0003165951557092539,-0.0024016747404844996,0.0,2015,BEL
0.07456862688803212,0.10146244692338868,0.06487651901215208,-0.4606975533576263,0.05482788446201092,170.0111483547502,24719.49220292041,0.1260235294117647,0.07364970588235292,-0.052373823529411764,0.002718269896193698,0.0003165951557092539,-0.0024016747404844996,0.0,2017,BEL
0.05792226024818614,0.03341288782816232,0.044358549604270214,-2.2162162162162162,0.043632594290411664,173.93977485446487,25057.95737558562,-0.2078384705882353,-0.09553729411764705,0.11230117647058822,0.12874179930795848,0.07396630103806223,-0.054775498269896195,0.0,2018,BEL
0.06516069190043017,0.0717094361977042,0.03736341205498772,-1.202910052910053,0.05171086430305438,176.11163201674478,25378.411616464226,0.14438852941176472,0.10451970588235293,-0.03986882352941176,-0.2051202006920415,-0.09522069896193774,0.1098995017301038,0.0,2019,BEL
0.008686731338818365,0.024596902434487422,0.05623613687579976,-1.0885791998286105,-0.035783406855139144,118.4968782119764,21563.04067519223,0.07307091304347826,0.06557860869565213,-0.0074922173913043455,-0.05150017391304348,0.013591478260869594,0.06509173913043476,0.0,1999,CAN
0.0364061061700609,0.025619926674709692,0.06953485545183624,21.7403025438841,-0.006209666263281566,121.7400285915097,22487.70818622514,0.2048679130434783,0.09274260869565215,-0.11212521739130435,0.06952682608695653,0.06200747826086955,-0.007519260869565225,0.0,2000,CAN
0.049077665517718305,0.06456411442406806,0.05859852641479857,-0.09549079783146941,0.03987838652554099,124.79300604441946,22686.64558523288,0.013569913043478259,0.03216260869565213,0.01859278260869565,0.20132382608695654,0.08917147826086957,-0.11215226086956523,0.0,2001,CAN
0.04379246795383884,0.08877201263765433,0.0556843087311929,-0.21240572338308317,0.022673725702634373,127.63283666010685,23155.136569813305,0.11353791304347827,0.04026160869565215,-0.07327521739130435,0.010025826086956527,0.02859147826086955,0.018565739130434772,0.0,2002,CAN
0.04157650351849784,0.0623077055718273,0.06167390839303821,-0.31782117817900624,0.03036982594435278,131.13252904132696,23406.98027019085,0.010791913043478256,-0.0009833913043478248,-0.011775217391304355,0.10999382608695653,0.036690478260869575,-0.07330226086956523,0.0,2003,CAN
0.08389729564165482,0.07153904838758307,0.06426151856629203,1.0741078876333514,0.05919339526085676,133.54606598256956,23952.908626048556,0.11843691304347825,0.007788608695652177,-0.11064821739130434,0.007247826086956524,-0.004554521739130402,-0.011802260869565234,0.0,2004,CAN
0.08453222932714355,0.0791174166518791,0.060025947100194266,-0.08671912369699641,0.06099230993053162,136.52501639021645,24484.344653524106,-0.008450086956521746,-0.042967391304347846,-0.03451721739130434,0.11489282608695651,0.0042174782608696,-0.11067526086956522,0.0,2005,CAN
0.08368344436083719,0.07587163948036513,0.09292486253198806,-0.17920411883123488,0.06272684948966334,139.27933300534156,24967.16720744424,0.046022913043478254,0.013847608695652158,-0.032175217391304356,-0.011994173913043478,-0.04653852173913042,-0.03454426086956522,0.0,2006,CAN
0.10921890046424187,0.09275441199495993,0.06878916390504486,-0.47914075821269997,0.09462300248151867,142.24679645768902,25300.08385970836,-0.0018030869565217461,-0.022770391304347826,-0.02096721739130436,0.04247882608695652,0.010276478260869581,-0.032202260869565236,0.0,2007,CAN
0.08812743996829542,0.05804480651731159,0.1386784743876397,-0.6435934972184141,0.08976478348314454,145.63927725611464,25262.071135439157,-0.14021208695652174,-0.06998039130434786,0.07023178260869567,-0.005347173913043478,-0.026341521739130402,-0.02099426086956524,0.0,2008,CAN
0.020996594738919017,-0.010319483203634627,0.09202495853269,-11.965713313325288,0.05876055703941452,146.0757815574922,24361.021416833475,-0.04346908695652174,0.0068016086956521615,0.050269782608695635,-0.14375617391304346,-0.07355152173913043,0.07020473913043479,0.0,2009,CAN
0.07009664350220901,0.09629212128715303,0.05480690536568833,0.3641355146730487,0.045202717368604484,148.66034649985934,24941.23562562982,-0.040907086956521746,0.006983608695652177,0.04789078260869567,-0.04701317391304348,0.003230478260869585,0.050242739130434755,0.0,2010,CAN
0.09605822099452666,0.12057819237615774,0.06430470897716556,-0.12751591762574122,0.07326173088379839,152.95774411020514,25470.997020197392,0.011246913043478253,0.019480608695652157,0.008233782608695644,-0.04445117391304348,0.0034124782608696003,0.04786373913043479,0.0,2011,CAN
0.06931062816747002,0.135967778931122,0.05493836581884137,0.26541281016721996,0.062031501681644396,155.2972540061849,25645.574336158857,-0.02767808695652174,-0.01151939130434787,0.01615878260869566,0.007702826086956521,0.01590947826086958,0.008206739130434765,0.0,2012,CAN
0.05525169935473229,0.01661262550777387,0.06899445286981876,-0.03801424569456402,0.04221614987335065,156.7331234186111,25966.337119654458,0.06359291304347825,0.04559160869565215,-0.018001217391304336,-0.031222173913043473,-0.015090521739130447,0.01613173913043478,0.0,2013,CAN
0.0579939879199709,0.023687229676230936,0.04762469628020871,-0.2144555590019528,0.03899705741677484,159.74270570705642,26441.103335942946,0.02975391304347825,0.0041886086956521296,-0.025566217391304352,0.060048826086956525,0.042020478260869576,-0.018028260869565216,0.0,2014,CAN
0.07346025117147881,0.09871105529092405,0.06036645279741126,0.5585605497552175,0.07503766940579415,161.52956542029793,26402.305924722383,-0.011820086956521744,0.0025356086956521695,0.01435578260869566,0.026209826086956517,0.0006174782608695528,-0.025593260869565232,0.0,2015,CAN
0.048360355372717434,0.0812290005708396,0.08625076145769883,-0.16168242557472845,0.04885701426942646,163.84865406241207,26389.803801027017,-0.10181408695652175,-0.047501391304347856,0.054311782608695625,-0.015364173913043476,-0.0010355217391304072,0.014328739130434781,0.0,2016,CAN
0.059910749648868,0.015988449667492688,0.058491785973477484,-0.08598318240867742,0.04125958656375994,166.47533784087707,26862.50104274103,0.03821991304347825,-0.00368039130434783,-0.04190021739130434,-0.10535817391304347,-0.05107252173913043,0.054284739130434745,0.0,2017,CAN
0.06464174191851613,0.0421993411785222,0.05215176681484657,-0.032237032909057106,0.0538622239351183,170.25094872324863,27137.2663834969,0.02922491304347826,-0.04155439130434785,-0.07077821739130435,0.03467582608695652,-0.0072515217391304065,-0.04192726086956522,0.0,2018,CAN
0.05238790306722607,0.049266659095562604,0.07700533048661562,-0.17565197092512796,0.04799275821800841,173.56960602350765,27251.07653688964,-0.23334908695652173,-0.06151839130434786,0.17182978260869564,0.02568082608695653,-0.045125521739130425,-0.07080526086956523,0.0,2019,CAN
0.04478963868122099,0.160593275027046,0.17813458979666263,-0.1883059698489895,0.1163156311066087,174.81410251110478,25505.010962201755,-0.09487808695652175,-0.05265039130434784,0.04222778260869564,-0.2368931739130435,-0.06508952173913043,0.17180273913043476,0.0,2020,CAN
0.03131078285886857,0.022654249736613563,0.009562227425560899,0.3045564590997274,0.020698452512598164,119.36338661251833,21828.104743186803,0.025891478260869558,-0.10835308695652174,-0.1342444347826087,-0.03942752173913043,-0.17893860869565217,-0.13951091304347824,0.0,1999,CHE
0.014562182091822029,0.009055184028837981,-0.01134215461353738,0.07434551102400389,-0.016669120420579664,121.22757334544735,22521.38119434273,-0.03252652173913044,-0.10345808695652173,-0.07093243478260869,0.030131478260869565,-0.10009960869565218,-0.13023091304347825,0.0,2000,CHE
0.02537329876159311,0.028698205215299977,0.055419423871695406,-0.3222557239612306,0.01764761857727426,122.42782082010638,22692.35686926238,-0.14177852173913044,-0.033640086956521736,0.10813756521739129,-0.028286521739130432,-0.09520460869565217,-0.06691891304347825,0.0,2001,CHE
0.007381860719209321,0.035619199070902496,0.04228782973670442,-0.0736926628662149,0.01052977394211374,123.21294510804124,22621.667640612588,-0.12073052173913044,-0.06641608695652174,0.05431456521739131,-0.13753852173913045,-0.02538660869565218,0.11215108695652173,0.0,2002,CHE
0.014849321077323063,0.060432482550990985,0.07343838644338851,0.6268634629841192,0.019590183054431165,123.99678019353284,22516.4820417724,-0.01992552173913044,-0.05376308695652174,-0.0338374347826087,-0.11649052173913044,-0.05816260869565218,0.05832808695652175,0.0,2003,CHE
0.029324779594180894,0.03871521807873668,0.017246925227922594,0.18315174357562491,0.009456841343697953,124.98946607482978,22959.647174249545,0.08963847826086956,0.06145791304347828,-0.028180434782608704,-0.01568552173913043,-0.04550960869565218,-0.029823913043478256,0.0,2004,CHE
0.032970319953176785,0.07499525883437186,0.049103308649116606,0.09673207427029085,0.010050565806500877,126.4552892527968,23480.64036641517,0.017810478260869553,0.05269991304347829,0.03488956521739131,0.09387847826086956,0.06971139130434784,-0.02416691304347826,0.0,2005,CHE
0.04895379432278535,0.031578507549532064,0.026449387431245697,0.0711746253838037,0.015153930847542352,127.79992740109904,24262.435535186774,0.20827447826086953,0.09616291304347827,-0.1121114347826087,0.02205047826086956,0.06095339130434785,0.038903086956521754,0.0,2006,CHE
0.043494533321654094,0.022106044809144798,0.02229260767172292,-0.30892845480376563,0.011687323494905755,128.73846677977974,25025.24076171636,0.007112478260869554,0.027720913043478262,0.020608565217391295,0.21251447826086955,0.10441639130434782,-0.10809791304347825,0.0,2007,CHE
0.05398819199080185,0.028468857737902198,0.021598223697490315,-0.793484381358612,0.04282194630686287,131.86478270464346,25293.204039277472,0.03094447826086956,0.09764691304347825,0.06670256521739132,0.011352478260869561,0.03597439130434782,0.024622086956521738,1.0,2008,CHE
0.008656812909467959,0.04719362015475115,0.06388583973655315,2.685124744573126,0.03969191231839808,131.2330735074545,24538.194701964352,0.062006478260869566,0.08738991304347829,0.025382565217391295,0.03518447826086957,0.10590039130434781,0.07071608695652176,0.0,2009,CHE
0.0018204029669102173,0.045351906135199016,0.07017569718766592,1.1165825671952598,-0.017991061559977983,132.13551521772445,25033.238641853637,0.009470478260869553,-0.009799086956521735,-0.0192684347826087,0.06624647826086957,0.09564339130434785,0.02939608695652174,0.0,2010,CHE
0.03103860662556035,0.0551176730680345,0.07234901177604836,-0.3996964506257986,0.02336461006018853,132.43718858944325,25220.957647835698,-0.16878552173913045,-0.03479808695652173,0.13398756521739133,0.01371047826086956,-0.0015456086956521786,-0.015254913043478258,0.0,2011,CHE
0.06288328168896729,0.04755650511666154,0.09837280481492572,0.2996691547811139,0.06017500489450178,131.5192764498544,25285.386005433727,-0.10308652173913044,-0.06195408695652174,0.04113156521739131,-0.16454552173913045,-0.026544608695652172,0.13800108695652177,0.0,2012,CHE
0.029246814585802916,0.04259426138026057,0.07660815978109614,0.07294577717200879,0.0211674286394552,131.23565191234098,25485.441732448504,0.12679047826086953,0.10114091304347825,-0.0256504347826087,-0.09884652173913043,-0.053700608695652186,0.04514508695652175,0.0,2013,CHE
0.09043814918422255,0.039118763022538694,0.03292772865361915,-0.15783026275436118,0.07802137962093769,131.2201814830221,25778.98587099018,-0.04007452173913044,-0.009697086956521744,0.030377565217391295,0.13103047826086955,0.1093943913043478,-0.021636913043478256,0.0,2014,CHE
-0.021090556033266483,0.02725524769961596,0.01636279323111811,0.21579255838179034,-0.02521190591647282,129.72212824397397,25887.977990460484,-0.13819252173913044,0.0018229130434782859,0.1400155652173913,-0.03583452173913043,-0.0014436086956521876,0.03439108695652174,0.0,2015,CHE
0.0020781388120025834,0.025352156136462023,0.029454974341996287,-0.14086830511268167,-0.006842964058610845,129.15874677627687,26120.518572067667,-0.0016565217391304454,0.026233913043478246,0.027890565217391305,-0.13395252173913041,0.010076391304347843,0.14402908695652175,0.0,2016,CHE
0.05219406672901661,0.028708747196411366,0.03632051294935823,-0.23904664838983702,0.046607255564662387,129.8471808809685,26259.9504401359,0.10948447826086956,0.07721591304347827,-0.032268434782608685,0.0025834782608695622,0.0344873913043478,0.03190408695652175,0.0,2017,CHE
0.007321484898010766,0.03672463295202699,0.03182986316514258,0.02426749240381132,-0.014023366349330102,131.06035352028297,26828.437275195964,0.06166547826086956,-0.019253086956521726,-0.0809184347826087,0.11372447826086957,0.08546939130434783,-0.02825491304347824,0.0,2018,CHE
0.031091069042526343,0.03186817756114646,0.00778295325528755,-0.1257161503711739,0.025733140873215765,131.53365988760393,26968.575907835817,0.04195547826086955,-0.012840086956521723,-0.05479543478260869,0.06590547826086957,-0.010999608695652169,-0.07690491304347825,0.0,2019,CHE
0.018803254488303445,0.031232697873600612,0.06468408698158035,-0.5360185045525,0.052452043271229654,130.5792453996545,26106.34192738905,0.019379478260869554,0.07167191304347828,0.052293565217391313,0.04619547826086956,-0.004586608695652167,-0.05078191304347825,0.0,2020,CHE
0.06363629281264371,0.2297966509602496,0.038202123842142166,1.3378031730452822,0.043314818101652275,124.14945354264016,18380.04362314571,-0.02577047826086956,-0.0412516086956522,-0.015481130434782608,-0.00394404347826087,-0.028407521739130442,-0.024462478260869572,0.0,1999,DEU
0.04445730301964934,0.06217693496751653,-0.011144512061001532,0.15968657265919872,0.013390038660443304,125.8908948177662,18943.516375383148,0.054057521739130435,0.016686391304347792,-0.0373711304347826,-0.02326104347826087,-0.03829852173913045,-0.015037478260869569,0.0,2000,DEU
0.02242205926698193,0.027385741707586675,0.06294950693260182,-0.7799794316906673,0.011044659968282078,128.2829844814009,19156.68989625507,0.03945552173913043,0.023304391304347805,-0.0161511304347826,0.056566956521739126,0.019639478260869536,-0.03692747826086956,0.0,2001,DEU
0.0021834310733104267,0.02808340321704006,0.013811383928571397,-5.760049477198549,0.0030374980591632017,129.95744724594516,19140.37834615822,-0.10116847826086957,-0.017206608695652187,0.08396086956521741,0.04196495652173912,0.02625747826086955,-0.01570747826086956,0.0,2002,DEU
0.00017794406168736288,0.11454587405884586,0.03330122471446284,-0.25080381051812317,0.002944954018981205,131.37834850614416,19087.572240241872,0.04056652173913043,0.06921139130434781,0.028644869565217404,-0.09865904347826088,-0.014253521739130443,0.08440452173913045,0.0,2003,DEU
-0.00777568439252041,0.0028768981152844653,0.00898921294446664,2.2921803110544055,-0.01786574733467461,133.6779440361183,19283.670487293424,-0.01456747826086957,0.02625039130434781,0.04081786956521739,0.04307595652173912,0.07216447826086955,0.029088521739130443,0.0,2004,DEU
0.001108023052396545,0.023737051606417703,0.05015508480168962,0.20514375192124112,-0.005769143220327511,136.2566166935165,19417.057021603057,-0.001886478260869559,-0.04032060869565221,-0.03843413043478261,-0.01205804347826088,0.029203478260869553,0.04126152173913043,0.0,2005,DEU
0.007008181569768457,0.019962924643172508,0.04951926098158732,0.1676480205028632,-0.024324847612246736,138.68857451821177,20040.620318052523,0.03045952173913044,-0.010968608695652193,-0.041428130434782606,0.000622956521739132,-0.037367521739130466,-0.03799047826086957,0.0,2006,DEU
0.02083718130263179,-0.009187771810868273,0.1072989641338844,0.21587896057911982,-0.004318198583084243,141.8636748650762,20546.93610742278,0.07230552173913045,0.05070339130434781,-0.02160213043478261,0.03296895652173913,-0.008015521739130449,-0.04098447826086957,0.0,2007,DEU
0.029956598560135328,-0.007979624454388379,0.09419780457470406,-0.04329728480708317,0.01735529004476577,145.75799683747348,20801.43744384757,-0.05661247826086956,-0.017427608695652186,0.0391858695652174,0.07481495652173914,0.053656478260869556,-0.02115847826086957,1.0,2008,DEU
2.819393960429295e-05,-0.0020295064312984,-0.017593278972078186,-0.08882199627061793,0.05114635606162077,146.1168102870187,19789.8454371839,0.010678521739130434,-0.018619608695652184,-0.029298130434782604,-0.05410304347826087,-0.014474521739130441,0.03962952173913044,0.0,2009,DEU
-0.0019887010550742046,-0.0011315966220133422,-5.030434126462868e-05,0.051499938162144376,-0.04408965906249862,147.7514048905024,20661.4454356808,0.047996521739130424,0.04129639130434781,-0.006700130434782611,0.013187956521739125,-0.01566652173913044,-0.028854478260869565,0.0,2010,DEU
0.026679748276791315,0.011752884100857397,0.05911057450447732,0.22117474521988445,-0.010264409512152572,151.4192757080756,21432.681417956832,0.023917521739130435,0.026291391304347794,0.0023738695652174013,0.050505956521739115,0.04424947826086956,-0.006256478260869572,0.0,2011,DEU
0.008374364530589151,0.0027738922991309423,0.07139125065311358,0.06342341317386202,0.005975955075468997,154.6757071035036,21483.78039850607,-0.028581478260869563,-0.016670608695652206,0.011910869565217391,0.026426956521739126,0.02924447826086954,0.002817521739130441,0.0,2012,DEU
-0.03361513514375791,0.007662903027487511,0.02606845185316553,-0.06672797288838284,-0.03514692429378108,157.14753308925944,21517.887790133365,-0.024147478260869562,-0.02112260869565219,0.003025869565217401,-0.02607204347826087,-0.013717521739130462,0.01235452173913043,0.0,2013,DEU
0.013066039569745946,0.03913202542751271,0.04873833390943649,0.289949959714044,-0.004760614182157674,158.35633573261617,21903.314593546904,0.00520752173913043,0.014814391304347807,0.00960686956521739,-0.02163804347826087,-0.018169521739130445,0.0034695217391304406,0.0,2014,DEU
0.023143369859548235,0.022536840713986095,0.0925346077785103,0.15503726700049159,0.016909551896651775,159.43277608125177,22037.585410165317,-0.012219478260869568,2.639130434781145e-05,0.012245869565217393,0.007716956521739121,0.01776747826086955,0.01005052173913043,0.0,2015,DEU
0.029509808523407344,0.00513522247178444,0.056716192774719065,0.05593888491952792,0.015212214939455126,160.03079849716042,22347.948539301786,-0.051090478260869564,-0.016198608695652206,0.034890869565217406,-0.009710043478260877,0.002979478260869556,0.012689521739130433,0.0,2016,DEU
0.03906165721080512,0.03537155653424007,0.04332310327599731,-0.14055977528899777,0.015732599319463914,162.76894379880093,22861.229874936176,-0.036771478260869565,-0.031103608695652207,0.005667869565217393,-0.04858104347826087,-0.013245521739130461,0.035334521739130445,0.0,2017,DEU
0.04479940902605173,0.059716322931840704,0.04535504172937488,0.1351298766605653,0.03667826641304073,165.91852852258663,23040.320451191405,-0.0004444782608695602,-0.004451608695652198,-0.00400713043478261,-0.034262043478260874,-0.028150521739130463,0.006111521739130432,0.0,2018,DEU
0.05053627919887971,0.09398504400269725,0.04600484261501214,-0.0560378794678319,0.04196396027970839,168.16390335351838,23229.87496788937,-0.030636478260869564,-0.04842860869565219,-0.017793130434782603,0.002064956521739131,-0.001498521739130454,-0.003563478260869571,0.0,2019,DEU
0.04474308383176062,0.05934687879647593,0.0817692692692693,-0.14939335227199357,0.0955610034669776,168.78903611894825,22152.35037955646,0.06570552173913043,0.04654639130434779,-0.01915913043478261,-0.028127043478260873,-0.04547552173913044,-0.017349478260869564,0.0,2020,DEU
0.06660473510988418,0.0875931305535882,0.07016479294484923,0.6790705199654596,0.06637145272238998,130.22657020039688,23079.65495889984,-0.026703944444444454,-0.04702222222222224,-0.020318333333333355,-0.07623194444444445,-0.11146122222222224,-0.035230333333333363,0.0,2003,DNK
0.09099324630338379,0.06830197859228027,0.12776656559689092,0.14193354713855832,0.07030727001947645,131.37953275664495,23525.718634718723,-0.04968294444444445,-0.08229222222222224,-0.03260833333333338,-0.026703944444444454,-0.04702222222222224,-0.020318333333333355,0.0,2004,DNK
0.15040828429359987,0.11488276416963328,0.14791844937166765,0.28995411691576467,0.1268813831092903,133.5816440509796,24016.885909203032,0.18970305555555556,0.07240577777777779,-0.11729633333333336,-0.04968294444444445,-0.08229222222222224,-0.03260833333333338,0.0,2005,DNK
0.13505775613547422,0.10072304906112572,0.1105585437645753,-0.21479519427797056,0.10149317597538099,136.09834267307636,24748.725842375054,-0.07287294444444445,-0.005402222222222225,0.06747066666666662,0.18970305555555556,0.07240577777777779,-0.11729633333333336,0.0,2006,DNK
0.12801844605925106,0.09834282880264866,0.1365872331707143,-0.5462883596434084,0.11399436741884483,138.35236087649176,25060.28763084936,-0.18527094444444445,-0.02008722222222223,0.16518366666666662,-0.07287294444444445,-0.005402222222222225,0.06747066666666662,0.0,2007,DNK
0.07565255633602153,0.07321305692295343,0.0794754431166178,0.992998105011351,0.08744190840573762,143.38575812068527,24788.599964993653,-0.11803694444444443,-0.04734222222222223,0.07069366666666665,-0.18527094444444445,-0.02008722222222223,0.16518366666666662,1.0,2008,DNK
0.009415192723524424,0.05578855978896047,-0.03680187598991391,0.18626605058543166,0.0750360351566064,144.8800479275552,23275.489000110894,0.11684105555555555,0.16797877777777775,0.05113866666666661,-0.11803694444444443,-0.04734222222222223,0.07069366666666665,0.0,2009,DNK
0.010302897190663574,0.03069749810119915,-0.04666459559255132,1.0883511887943795,0.00011323612096258984,148.06524462114643,23512.631491157776,-0.11004194444444443,-0.04135822222222224,0.06868366666666664,0.11684105555555555,0.16797877777777775,0.05113866666666661,0.0,2010,DNK
-0.004127693093878171,0.022979423937586008,-0.030907508527431404,0.02341359636780771,-0.012663556333506909,151.99758621817264,23715.906279706047,0.02802305555555555,0.09072477777777777,0.06270166666666666,-0.11004194444444443,-0.04135822222222224,0.06868366666666664,0.0,2011,DNK
-0.0023303877459026623,0.024112443258808458,0.07537070722902173,-0.021291604023431665,-0.0010484907727248416,155.57601707146648,23685.473022240287,-0.07850994444444445,-0.004603222222222231,0.07390666666666662,0.02802305555555555,0.09072477777777777,0.06270166666666666,0.0,2012,DNK
0.0087096214526865,-0.0014604566191686041,0.004791382636643249,0.25771652651245125,0.003324108060752895,156.3892253137315,23812.608841195244,0.013059055555555553,0.06704277777777778,0.05398266666666662,-0.07850994444444445,-0.004603222222222231,0.07390666666666662,0.0,2013,DNK
0.005080628233333551,0.009793208099528217,0.0621833772623166,0.18083668319788093,-0.006558558508907408,156.93975313731517,24091.598009098896,0.026016055555555553,0.00424077777777776,-0.02177533333333337,0.013059055555555553,0.06704277777777778,0.05398266666666662,0.0,2014,DNK
0.006505399325060779,0.022239250033877056,0.06451142426588485,-0.050348724328757255,-0.010860231447794355,157.2936638810475,24514.557239993457,-0.10324994444444444,-0.017016222222222238,0.08623366666666665,0.026016055555555553,0.00424077777777776,-0.02177533333333337,0.0,2015,DNK
0.015308135074190377,0.017017386255204325,0.05550890200678604,-0.0240413304846262,-0.008367897093894294,157.32040380390728,25099.862459640422,0.14436305555555556,0.034318777777777754,-0.11004333333333338,-0.10324994444444444,-0.017016222222222238,0.08623366666666665,0.0,2016,DNK
0.010986576700421358,0.0249202482106623,0.05180490761625256,0.07184802723875938,-0.009581826374064573,158.9845707677688,25621.121158169743,0.08442805555555555,-0.05342222222222223,-0.13785033333333335,0.14436305555555556,0.034318777777777754,-0.11004333333333338,0.0,2017,DNK
0.023683810062357535,0.028925069744956566,0.03176615923604342,-0.0657489845893674,0.00936430990467163,160.11236633779592,25984.599086668277,0.19339105555555555,0.035339777777777776,-0.15805133333333338,0.08442805555555555,-0.05342222222222223,-0.13785033333333335,0.0,2018,DNK
0.022961241166764124,0.03534766408045886,0.05015388035824753,0.23653281662651993,0.006092617521774146,161.27791238715446,26420.26913823733,0.024777055555555552,-0.04204422222222223,-0.06682133333333337,0.19339105555555555,0.035339777777777776,-0.15805133333333338,0.0,2019,DNK
0.01897379518988984,0.0361400086399819,0.10022481673719486,-0.05404525319211417,0.04340895164670244,161.81585671762764,25801.54394040855,5.551115123125783e-17,-2.7755575615628914e-17,-5.551115123125783e-17,0.024777055555555552,-0.04204422222222223,-0.06682133333333337,0.0,2020,DNK
0.14330150101841754,0.2159335375572704,0.09407150689536503,0.11423084980134135,0.1303990220222213,160.7764507384674,16555.1049798743,0.01660886666666664,-0.058953533333333336,-0.07556139999999999,0.04016997543859652,0.07649302807017544,0.03632304912280704,0.0,2003,ESP
0.17886142549610495,0.23383918534608483,0.08453883981675614,0.512402199189544,0.16066064678416536,165.6624147283815,16814.7121295838,0.09910986666666666,-0.011595533333333352,-0.11070539999999998,0.016449975438596498,-0.05935597192982453,-0.07580495087719295,0.0,2004,ESP
0.27167178047699014,0.3348858620106483,0.11572635043980362,0.4278133155594819,0.2500747886324961,171.2419891842005,17105.212509267,0.04691986666666664,-0.07145353333333335,-0.11837339999999999,0.09895097543859652,-0.011997971929824547,-0.11094895087719295,0.0,2005,ESP
0.25445260990090035,0.24540431188322054,0.12937156372087277,0.320763252809519,0.22470551314147036,177.2614640829975,17520.684152159,0.14150986666666662,0.04849446666666668,-0.0930154,0.0467609754385965,-0.07185597192982454,-0.11861695087719296,0.0,2006,ESP
0.16676575355006418,0.15267891327448924,0.14830719882143106,0.14177484878090385,0.14830640650559346,182.20267138435537,17802.3340562168,0.11202886666666664,0.10813946666666663,-0.0038903999999999883,0.14135097543859648,0.048092028070175485,-0.09325895087719296,0.0,2007,ESP
0.06230444450067507,0.044920137101727375,0.1010866778240338,-0.0262448369960675,0.06953910090496396,189.6277816521101,17681.9141763058,-0.15696713333333334,-0.011172533333333345,0.1457956,0.1118699754385965,0.10773702807017543,-0.0041339508771929545,1.0,2008,ESP
-0.01756493468594378,0.009794791034160255,-0.015031068102567824,-0.557472701111096,0.028611787956576817,189.08353273196053,16888.1328330741,-0.21904313333333336,-0.06413353333333335,0.1549096,-0.15712602456140348,-0.01157497192982454,0.14555204912280703,0.0,2009,ESP
0.0037629393848046533,-0.01449358723999683,-0.05003597824283468,-0.10284327655686143,0.006587316322334891,192.48611150718125,16840.7465287583,-0.14465013333333335,-0.10333653333333334,0.041312600000000005,-0.21920202456140347,-0.06453597192982455,0.15466604912280704,0.0,2010,ESP
-0.033295938826122806,-0.06000625409318594,-0.04705697098916661,-0.2611370792880414,-0.021721167635242233,198.6385795631577,16641.4906711182,-0.003297133333333341,-0.002338533333333337,0.0009586000000000039,-0.1448090245614035,-0.10373897192982454,0.04106904912280704,0.0,2011,ESP
-0.09964326840531301,-0.1282218339661727,0.008601115096538159,-1.030601790181856,-0.070387662879279,203.49589887306388,16117.7703341578,-0.07693113333333336,-0.04328853333333335,0.033643600000000023,-0.0034560245614034812,-0.0027409719298245316,0.0007150491228070377,0.0,2012,ESP
-0.09763035332506098,-0.1200822641959669,-0.0522672918667495,22.450584956123915,-0.08729799836338392,206.362412922423,15935.3071380821,0.0031518666666666417,-0.02445953333333334,-0.027611399999999994,-0.0770900245614035,-0.043690971929824546,0.03340004912280706,0.0,2013,ESP
-0.04705222065323633,-0.06500078632999651,0.03965629095056489,-0.15669036032821793,-0.06400765365316408,206.0514135394804,16223.9740631564,0.036078866666666654,-5.33333333330166e-07,-0.036079399999999984,0.0029929754385965013,-0.024861971929824533,-0.02785495087719296,0.0,2014,ESP
-0.0383870455857942,-0.04564731314675652,0.05881419827705647,0.24495436323739406,-0.07612690310325332,205.02020505919705,16886.7171082425,0.10797086666666664,0.16842446666666666,0.06045260000000002,0.03591997543859651,-0.0004029719298245249,-0.03632295087719295,0.0,2015,ESP
-0.038416182976257596,-0.04434637943529818,0.06125655678819375,0.6203555103268863,-0.06537017703412895,204.6048571990829,17373.7168394817,-0.0028191333333333624,-0.011221533333333367,-0.008402399999999977,0.1078119754385965,0.16802202807017547,0.06020904912280706,0.0,2016,ESP
0.4792640500766421,0.3637592697775254,0.12537988005357792,0.957877483247024,0.3300424403482838,123.00700783056988,20360.39155957848,-0.08981105,-0.1391631,-0.04935205000000001,0.004687571428571458,-0.003224592857142855,-0.007912114285714297,0.0,2001,FIN
0.2041681862622715,0.2572233337635066,0.10651193612516363,-0.41024013533451054,0.16454545681819122,127.0949671450467,21053.137627512053,-0.09094905,0.029232900000000006,0.12018194999999998,0.004687571428571458,-0.003224592857142855,-0.007912114285714297,0.0,2003,FIN
0.10430934526453095,0.15246914941922007,0.04633294868611326,0.35878349527800557,0.0626206705283352,127.282201922809,21879.093145856463,0.08860894999999999,0.10677989999999998,0.01817094999999999,-0.10219861904761904,0.010323454761904771,0.1125221238095238,0.0,2004,FIN
0.1250480314247817,0.1672191997012955,0.07002359247832701,-0.4673487645780049,0.09504266909523196,128.26830508569043,22478.604138269035,0.06282694999999999,0.0633089,0.0004819499999999949,0.07735938095238096,0.08787045476190475,0.010511123809523806,0.0,2005,FIN
0.11338158010007149,0.14058902208685153,0.05444298033894768,0.4344695089102557,0.06796810484483817,129.90348881148114,23434.467453076344,-0.044824050000000004,-0.04368810000000001,0.0011359499999999967,0.05157738095238096,0.044399454761904766,-0.00717787619047619,0.0,2006,FIN
0.11694736559096897,0.12412898706466446,0.1569993318650862,0.10868392245926684,0.061811097858214925,131.95995078723703,24651.340279395088,0.12389895000000001,0.08102989999999999,-0.042869050000000006,-0.05607361904761904,-0.06259754523809524,-0.006523876190476188,0.0,2007,FIN
0.11601615200837156,0.08782923022918299,0.13256194458405957,-0.3443943745666239,0.11408558561727822,137.12763065347642,24694.0578673912,-0.034515050000000005,-0.014018100000000006,0.020496949999999986,0.11264938095238097,0.06212045476190475,-0.05052887619047619,0.0,2008,FIN
0.011310329761714977,0.06251826246976977,0.005410407244091475,-0.2656774495079758,0.10688964092418973,139.3682068273652,22561.739564366093,0.28068495,0.18520989999999998,-0.09547505,-0.04576461904761904,-0.03292754523809524,0.012837123809523801,0.0,2009,FIN
0.062284754381612295,0.06799449986834794,0.0652704733283247,-0.22775523205511305,0.02904657140823841,141.71800328828203,23290.483285665083,-0.15609605,-0.0574171,0.09867894999999999,0.26943538095238095,0.16630045476190475,-0.10313487619047619,0.0,2010,FIN
0.06781301251072613,0.06559586710028631,0.05354844397425729,-2.0177486455073304,0.04568905256403566,146.42851823881847,23783.247093498445,0.059913949999999994,0.08665689999999998,0.026741949999999987,-0.16734561904761902,-0.07632654523809523,0.0910191238095238,0.0,2011,FIN
0.05244789461984922,0.055820089124069217,0.029036684964520054,0.44898712150291087,0.0725208559952144,151.05789811899123,23338.12735748588,-0.12357705,-0.06769510000000001,0.055881949999999986,0.04866438095238096,0.06774745476190475,0.0190821238095238,0.0,2012,FIN
0.034267114900466744,0.022784274778195668,0.02540374388082034,-0.1107684321029041,0.048592151128286076,154.4047197714923,23019.30032876388,-0.07015305,-0.0792381,-0.00908405000000001,-0.13482661904761903,-0.08660454523809524,0.0482221238095238,0.0,2013,FIN
-0.05932076046559043,0.01640646834273407,0.03057146029278801,-0.24983685211810847,-0.05159636615528529,156.2723866796712,22831.816702445525,-0.04362405,-0.0626331,-0.01900905,-0.08140261904761903,-0.09814754523809524,-0.016743876190476195,0.0,2014,FIN
0.039025138903854284,0.024431273812972165,0.10012081290928254,-0.28128726729600606,0.03729001909515839,156.0289814685802,22870.008468200183,-0.029518050000000004,-0.024289100000000008,0.005228949999999996,-0.05487361904761903,-0.08154254523809523,-0.026668876190476185,0.0,2015,FIN
0.03327102691221784,0.022848132238594943,0.014933829495537232,1.1953018246358087,0.007872326463903567,156.63593420649298,23446.339893403805,-0.07407305,-0.05068310000000001,0.023389949999999993,-0.04076761904761904,-0.04319854523809524,-0.002430876190476189,0.0,2016,FIN
0.03230995815405624,0.022040061240112374,0.05820164163777841,-0.5820791651629932,0.0032889211756421677,157.9512585202731,24124.546422643263,-0.08352905,-0.1246711,-0.04114205,-0.08532261904761904,-0.06959254523809524,0.015730123809523808,0.0,2017,FIN
0.041441818595653324,0.017272839966607334,0.01791017558484853,1.3704004182749512,0.03152309197305403,159.7970813710464,24356.51871945604,-0.06502105,-0.0508971,0.014123949999999996,-0.09477861904761903,-0.14358054523809524,-0.048801876190476184,0.0,2018,FIN
0.04319328276318335,0.026223178501949995,0.03810766888044337,-0.8260927874240107,0.030259809086291778,161.61325871534066,24662.280810668915,0.05838294999999999,0.04044890000000001,-0.017935050000000008,-0.07627061904761903,-0.06980654523809524,0.006464123809523811,0.0,2019,FIN
0.044515483383142485,0.03245124791512355,0.14433898305084747,-3.4056976224246123,0.07686706926887354,162.23269377177093,23921.36866045703,0.14504194999999998,0.1159039,-0.029138050000000013,0.047133380952380954,0.021539454761904775,-0.025594876190476193,0.0,2020,FIN
0.22618659127632457,0.19648816311159023,0.22569394448444124,-0.7064986784613809,0.17007581952744122,122.79912496446728,20719.52566146948,0.0415286,0.007070850000000017,-0.03445785,-0.0054637142857143495,0.005547857142857132,0.011011557142857065,0.0,2002,FRA
0.020089733507069107,0.09419577087349773,0.04559693947779353,-0.25213075158834053,0.016678421300056367,125.37603045321416,20789.046927320785,-0.009837399999999996,0.04731685000000002,0.057154150000000015,0.04718485714285714,0.008530571428571443,-0.03865439523809523,0.0,2003,FRA
0.05647769149851989,0.12096973958624657,0.06975026045272248,-0.3337605447639419,0.0363209567028322,128.06169742062275,21193.399751471257,-0.1564674,-0.15260215,0.0038651499999999978,-0.0041811428571428555,0.04877657142857145,0.05295760476190478,0.0,2004,FRA
0.07892734575880334,0.1347568538556947,0.0840137956056477,-0.7977916741137906,0.06602041088369148,130.29748736265788,21450.00068291843,0.015938599999999997,0.008167850000000032,-0.007770849999999996,-0.15081114285714287,-0.15114242857142857,-0.0003313952380952362,0.0,2005,FRA
0.11394976882958918,0.1347552146641917,0.08151108031614429,1.5459935393771733,0.09397810504515758,132.48013249125594,21841.591885557165,-0.0361624,-0.08074914999999999,-0.04458685,0.021594857142857138,0.009627571428571458,-0.01196739523809523,0.0,2006,FRA
0.11851756637852962,0.12184303505962735,0.13657756168893154,-1.4234949891794748,0.10035196635929777,134.45143429199993,22202.17253075663,-0.022029400000000005,0.00483585000000003,0.026865150000000004,-0.030506142857142857,-0.07928942857142857,-0.04878339523809523,0.0,2007,FRA
0.10455403813091801,0.07994359796153261,0.08099468724149772,6.002855487602384,0.1118062152818553,138.23336752728324,22057.35045104924,-0.0804494,-0.023628149999999987,0.056822150000000016,-0.016373142857142864,0.006295571428571456,0.02266860476190477,1.0,2008,FRA
0.00753084916218727,0.04325163465888049,-0.0030314524236522145,-0.23196451757056435,0.046095093556950406,138.35448826488386,21244.207306860604,-0.0662374,-0.08685514999999999,-0.020618849999999994,-0.07479314285714286,-0.02216842857142856,0.05262560476190478,0.0,2009,FRA
0.03188618324708048,0.09212997180476878,0.07582763330819153,0.17840277396333848,0.02067871301696056,140.47286524699993,21477.47740245256,-0.09408140000000001,-0.05877415,0.03530715000000001,-0.06058114285714286,-0.08539542857142857,-0.024815395238095228,0.0,2010,FRA
0.06459861388373533,0.02671405583433173,0.03964312126749214,0.4088343845916338,0.046820112793786395,143.43908739232012,21842.23668701559,-0.007534399999999997,0.025077850000000013,0.032612150000000006,-0.08842514285714287,-0.05731442857142857,0.031110604761904775,0.0,2011,FRA
0.014523133576223035,0.0330566568365136,0.057088885586433546,0.14000985955305878,0.015644628047636555,146.24216731964805,21818.118066179795,-0.006699399999999994,0.01218785,0.018887150000000005,-0.001878142857142856,0.026537571428571438,0.028415604761904772,0.0,2012,FRA
0.01624198904552765,0.03700591353534133,0.02805382705836279,-0.4643207780364246,0.015164254380738651,147.50528358319613,21841.280960321223,0.1167126,0.10696485,-0.009747850000000002,-0.0010431428571428536,0.013647571428571426,0.014690604761904771,0.0,2013,FRA
0.045221118967115004,0.038586733098706416,0.037904820713789755,0.9033518352057615,0.04049582390276174,148.2542546748897,21940.470687708923,0.0568756,0.08661285000000002,0.029737150000000004,0.12236885714285714,0.10842457142857143,-0.013944395238095236,0.0,2014,FRA
0.02827376764746181,0.04053298554581253,0.04605893806087047,-0.6063484412964979,0.02200691694094581,148.30987134011397,22075.0075993006,-0.038834400000000005,-0.07869214999999999,-0.03985785,0.06253185714285714,0.08807257142857144,0.02554060476190477,0.0,2015,FRA
0.042211784826135856,0.049253696093713106,0.05275638287688911,0.34209623979826276,0.03432124270130399,148.5817750367696,22243.41154401061,0.044855599999999995,0.05331085000000002,0.00845615000000001,-0.033178142857142864,-0.07723242857142856,-0.044054395238095234,0.0,2016,FRA
0.04832506040578721,0.055842986567200104,0.08879286874994685,0.6227723398496541,0.02603924815565417,150.11555907107788,22726.543640919503,0.021633600000000003,0.02157085000000003,-6.285000000000318e-05,0.050511857142857136,0.054770571428571446,0.0042596047619047755,0.0,2017,FRA
0.06063606126555254,0.05633311685295905,0.05582020013576816,0.11459956596420051,0.044767301909021784,152.89392048052804,23071.73251827475,0.0897936,0.05296485000000001,-0.036828849999999996,0.027289857142857143,0.023030571428571456,-0.004259395238095237,0.0,2018,FRA
0.055096329143965006,0.06352694592219987,0.07476081313358374,-0.6388058692705516,0.038360665706020036,154.58837488104194,23443.58862098411,0.040109599999999995,0.017848850000000027,-0.022259849999999998,0.09544985714285714,0.05442457142857143,-0.04102539523809523,0.0,2019,FRA
0.0794248955794985,0.05063887348990126,0.1594278370792077,5.164968119450069,0.17558543247599068,155.3249867137966,21525.949965130512,0.0735596,0.034439849999999994,-0.03911985,0.045765857142857136,0.019308571428571453,-0.02645639523809523,0.0,2020,FRA
0.08185952569212485,0.0778151554302704,0.039601318650071216,6.08652762119504,0.05274965444302837,129.09482516187444,20269.481542579528,-0.07230291304347827,0.032834043478260855,0.10513704347826089,-0.19153704347826087,-0.05112295652173912,0.1404141739130435,0.0,1999,GBR
0.10815298927195727,0.07642179955208683,0.0789904705085056,-0.02628962335441276,0.06728049889936516,130.12300915002194,21045.72001977542,0.06528808695652175,0.06957004347826087,0.0042820434782608885,-0.07144904347826088,0.03206404347826086,0.10351317391304349,0.0,2000,GBR
0.0982671537644455,0.09340753146583558,0.06407417784934255,-0.09431419001715546,0.07170415962258825,131.72809207638275,21567.35402910252,-0.008323913043478261,0.04958204347826087,0.057906043478260866,0.06614195652173913,0.06880004347826088,0.002658173913043488,0.0,2001,GBR
0.1136212298855741,0.12854337449613062,0.06792577869881167,0.002164795020971555,0.09132390581010208,133.38643409789282,22008.006231145475,0.07543808695652174,0.10864604347826087,0.033208043478260896,-0.007470043478260869,0.048812043478260875,0.056282173913043465,0.0,2002,GBR
0.09465792369772563,0.1382371318775133,0.06505884458238409,-0.13613248728680072,0.058361686458840545,135.20261399802453,22762.765048987072,0.16133608695652174,0.13386604347826084,-0.027470956521739115,0.07629195652173912,0.10787604347826088,0.031584173913043495,0.0,2003,GBR
0.09587429782635093,0.11995310375447454,0.07252842464426368,0.15271600385496975,0.07030508205193398,137.0190922684372,23306.55958095741,0.011148086956521738,-0.04478895652173914,-0.055936956521739106,0.16218995652173915,0.13309604347826084,-0.029094826086956516,0.0,2004,GBR
0.08980529826031391,0.09591122092061344,0.09832244485042052,-0.2700825694856468,0.06674303359500366,139.83749794227387,23810.43167439161,-0.04833291304347826,-0.04141695652173913,0.006916043478260886,0.01200195652173913,-0.045558956521739136,-0.05756082608695651,0.0,2005,GBR
0.1171535760233795,0.10964996280208661,0.10020412294611836,0.9360182728167763,0.09530983332198373,143.0939111885426,24285.282650144403,0.003984086956521738,-0.025494956521739137,-0.029478956521739125,-0.04747904347826087,-0.04218695652173912,0.005292173913043485,0.0,2006,GBR
0.10735830538508928,0.0925846240046595,0.10628293765975294,0.16248222681857172,0.07560920472641008,146.4177561183055,25002.119099661428,-0.00917991304347826,-0.015015956521739149,-0.0058359565217391,0.00483795652173913,-0.02626495652173913,-0.031102826086956525,1.0,2007,GBR
0.045107507918920264,0.057372902753631605,0.03739876048951163,0.7326712902308965,0.06209903469929112,151.69160001920542,24602.13363468245,-0.14284291304347826,-0.041738956521739146,0.10110404347826088,-0.008326043478260868,-0.015785956521739142,-0.0074598260869565,0.0,2008,GBR
-0.0012577012498338203,0.023357586621274073,0.014146049814456774,-0.18077896222879852,0.04605645779384582,154.97620925702367,23489.35501271381,-0.14733991304347827,-0.04333495652173913,0.1040040434782609,-0.14198904347826086,-0.04250895652173914,0.09948017391304348,0.0,2009,GBR
-0.0926791425344442,0.01347253697729478,0.024967542326716163,-0.03227108896103048,-0.10366143248390736,160.08759053994729,23777.155757682725,-0.07023391304347826,-0.00702395652173915,0.0632100434782609,-0.14648604347826086,-0.044104956521739125,0.10238017391304349,0.0,2010,GBR
-0.01594726159041515,0.011263419034676092,0.013979120006940793,-0.3978705604929449,-0.023772164928411832,167.2334095835162,23967.74031056296,-0.06653691304347825,-0.024177956521739152,0.04235904347826089,-0.06938004347826088,-0.007793956521739143,0.061586173913043496,0.0,2011,GBR
-0.009280825751933786,0.010475471157376903,0.052188920304198305,0.991029145422115,-0.01676925225722259,171.963175277107,24150.282061037648,-0.040557913043478264,-0.07019295652173914,-0.029634956521739114,-0.06568304347826087,-0.024947956521739145,0.04073517391304349,0.0,2012,GBR
-0.008022758273795616,0.012698351065362878,0.037356713028497746,0.4549476889696704,-0.02313452000575833,176.37368477008337,24523.87833989095,0.029985086956521738,-0.012658956521739151,-0.04264395652173911,-0.03970404347826087,-0.07096295652173913,-0.031258826086956515,0.0,2013,GBR
0.006681608241805748,0.02589224199623863,0.04362867978169116,0.043655379010176576,-0.0138393044734485,178.95055970149247,25034.19310819928,-0.02184791304347826,0.0007410434782608721,0.02258904347826088,0.030838956521739132,-0.013428956521739144,-0.04426782608695651,0.0,2014,GBR
0.021936417109273743,0.030856728988017057,0.03825999481439202,0.06102131817750234,0.006273371423395568,179.02231775406054,25423.86029158919,0.05830808695652174,-0.015938956521739128,-0.07424695652173911,-0.020994043478260865,-2.8956521739120777e-05,0.020965173913043478,0.0,2015,GBR
0.03486254543703793,0.040646708269679754,0.0719071234042461,0.12390650956276028,0.025746289628786334,180.203267326054,25649.81325519704,0.025235086956521737,-0.04077895652173913,-0.06601395652173911,0.05916195652173913,-0.01670895652173912,-0.07587082608695651,0.0,2016,GBR
0.02255739664997458,0.04273258657267687,0.0485674633091826,-0.2806573944593789,0.011067604913364892,185.06875554385743,25941.29822707525,0.07341508695652174,-0.011891956521739133,-0.08530695652173911,0.026088956521739128,-0.04154895652173912,-0.06763782608695651,0.0,2017,GBR
0.04698531243353177,0.03444926826433803,0.027369462957012036,0.011405842713329228,0.04023357601868982,189.69547443245384,26109.672726731733,0.11313808695652175,0.021900043478260856,-0.0912379565217391,0.07426895652173914,-0.012661956521739126,-0.08693082608695651,0.0,2018,GBR
0.0273599587175275,0.03497355898472909,0.03851162393527341,-0.1296243657917272,0.018336655873381513,193.10999297223805,26341.025966169807,0.11649208695652175,0.02213504347826087,-0.09435695652173912,0.11399195652173913,0.021130043478260863,-0.0928618260869565,0.0,2019,GBR
0.040013345007571255,0.02985145217727725,0.13849417409000586,0.14250755816240046,0.15850975614329732,194.84798290898817,23646.774125758013,0.08612208695652174,0.005533043478260863,-0.08058895652173911,0.11734595652173913,0.021365043478260876,-0.09598082608695652,0.0,2020,GBR
0.15405255352312963,0.15498535676251324,0.09336963521350028,-0.6714858654244813,0.11308630980380796,134.61634502193843,25199.817704593,0.013498066666666655,-0.0892056,-0.1027036,-0.021963175,0.058387458333333336,0.08035070833333333,0.0,2001,IRL
0.09679583255243096,0.2712865581328341,0.0750153827422686,0.5357430331992044,0.05326484805525156,140.85898762173153,26241.315363853,0.18638806666666666,0.11021140000000001,-0.07617660000000001,0.010773824999999987,-0.08053954166666663,-0.09131329166666666,0.0,2002,IRL
0.0739035079509589,0.24641885766092475,0.09024379517627157,1.1329063704890112,0.05926884456327364,145.76213748082617,26603.860546949,-0.041041933333333336,0.10511339999999997,0.1461554,0.183663825,0.11887745833333338,-0.06478629166666666,0.0,2003,IRL
0.7978498442267028,0.8107724759965087,0.6462451649703214,-3.790199026234644,0.7736206753923405,163.7338137195448,26967.291937765003,-0.07751993333333335,-0.01898760000000002,0.058532399999999984,-0.0028458625000000043,0.004709520833333258,0.007555395833333339,0.0,2010,IRL
-0.10899214365881038,-0.1926329108839302,-0.034973363939538094,0.40593098680576345,-0.10872190877349053,167.96632540220455,26959.115473970003,0.12734806666666665,0.09855839999999999,-0.028789600000000012,-0.080244175,-0.010321541666666656,0.06992270833333333,0.0,2011,IRL
-0.016082873150872756,0.05693069306930698,-0.009632430491663624,1.1112115541115632,-0.01123061516206203,170.80940320336745,26826.81709839754,-0.09598393333333334,-0.0529896,0.04299439999999999,0.12462382499999998,0.10722445833333336,-0.017399291666666664,0.0,2012,IRL
-0.04144817697664882,-0.019429701199204397,0.07229727816013831,-1.4698527537619768,-0.04815753167021053,171.6691042699675,27015.914178220304,-0.03150993333333334,-0.04767360000000001,-0.0161636,-0.09870817500000001,-0.04432354166666663,0.05438470833333334,0.0,2013,IRL
-0.1615612278696057,-0.06036821007657045,-0.053201829918963606,-0.24922073752264517,-0.22261948699346767,172.00620697035637,29137.841163477693,-0.06258193333333334,-0.06042360000000002,0.002158399999999977,-0.034234175000000006,-0.039007541666666645,-0.004773291666666651,0.0,2014,IRL
-0.11572280558670611,-0.016131916415470404,0.052999827034988956,4.521014423596463,-0.2865335343398224,171.4996611136874,36113.720371508665,-0.15707593333333333,-0.08184160000000001,0.07523339999999998,-0.06530617500000001,-0.05175754166666666,0.013548708333333326,0.0,2015,IRL
-0.059568243720367176,-0.04621636007218055,0.029937581467312402,-1.984135844126211,-0.06715705311599429,171.4996611136874,36407.51059780754,0.019768066666666667,0.010917399999999994,-0.008850600000000014,-0.159800175,-0.07317554166666665,0.08662370833333333,0.0,2016,IRL
0.004972608512431531,0.01810287332072047,0.04412067333415659,-1.1282404576752736,-0.06702385201284722,171.9882293384962,39217.02711678162,0.024975066666666657,-0.03685060000000001,-0.06182560000000001,0.017043825,0.01958345833333336,0.002539708333333335,0.0,2017,IRL
0.008538928364490106,0.017740878888755196,0.05078048011352432,9.975683151474675,-0.06337097470174258,172.81879532067325,42227.923151757226,0.07352406666666667,0.02411740000000001,-0.04940660000000001,0.022250824999999988,-0.028184541666666646,-0.05043529166666666,0.0,2018,IRL
-0.012677270115811434,0.0048209547329427505,0.15957197385326682,-5.421315674392454,-0.04657785789801849,174.36999943444306,43729.410638202986,0.039516066666666655,-0.027631600000000006,-0.06714760000000002,0.070799825,0.032783458333333376,-0.03801629166666666,0.0,2019,IRL
-0.05614553584417381,-0.035598028577778384,0.21030539290220318,-0.8602272085005369,-0.10053638438328572,174.16235793889837,45887.56980177752,-6.493333333333628e-05,0.01696439999999999,0.0170294,0.036791824999999986,-0.01896554166666664,-0.05575729166666667,0.0,2020,IRL
0.10819727740660423,0.13830401927293612,0.0548451746312999,-0.5271085582792576,0.09402590039801573,140.30673290311276,18140.51642093767,0.11155412396694216,0.13445941115702478,0.022905477272727293,-0.02680270661157025,0.004336276859504162,0.031139136363636355,0.0,1999,ITA
0.14314784180273654,0.09088819738160514,0.02890185744310836,-1.769494224115412,0.1053185574563209,143.9273641447176,18761.37160268521,0.03919312396694215,-0.04981358884297521,-0.0890065227272727,0.10645129338842976,0.13814327685950414,0.03169213636363635,0.0,2000,ITA
0.07778557798989705,0.06942450895543417,0.06032173964567167,-0.8809204365875112,0.060763250931455515,147.27261796998187,19062.439916661428,-0.18408487603305784,-0.0851045888429752,0.0989794772727273,0.034090293388429754,-0.04612972314049585,-0.08021986363636364,0.0,2001,ITA
0.12200612466446659,0.2419640440154145,0.15411458755354146,19.768677897109328,0.12529606843573649,155.36910186591135,19006.70848985905,-0.0025106033057851612,-0.0049386342975207,-0.002428022727272716,-0.007613433884297555,-0.001254768595041339,0.006358636363636344,0.0,2003,ITA
0.05535594976095437,0.12515914860462396,0.08107450522203541,-0.6485974539060447,0.04415930434165061,158.8753157303043,19210.519703975657,0.11851512396694215,0.07738141115702482,-0.04113352272727269,-0.007613433884297555,-0.001254768595041339,0.006358636363636344,0.0,2004,ITA
0.08798563782768509,0.12405068105520445,0.09211398210223187,1.5286836030071962,0.08385494381781933,162.3815295946972,19283.733171442167,-0.07036487603305785,0.03636941115702477,0.10673447727272731,0.11341229338842976,0.08106527685950418,-0.03234686363636363,0.0,2005,ITA
0.10860728587431145,0.11228928784032743,0.07470843362524926,0.7171965149791011,0.08907365272196155,166.00216083630204,19629.60635333147,-3.987603305785625e-05,-0.018158588842975193,-0.018118522727272712,-0.07546770661157025,0.04005327685950413,0.11552113636363637,0.0,2006,ITA
0.09916381534961549,0.10437428119295555,0.060776826585951405,-0.03323478540703717,0.0874233783320919,169.3629288822052,19841.538671196064,0.012929123966942138,-0.0463365888429752,-0.0592665227272727,-0.00514270661157025,-0.014474723140495832,-0.009331863636363652,0.0,2007,ITA
0.04814251604956965,0.03936564257189801,0.07483869452223013,1.0194963589341794,0.06866548665008332,175.2777255007884,19460.4958473145,0.06558612396694215,0.004034411157024798,-0.0615525227272727,0.007826293388429745,-0.04265272314049584,-0.05047986363636364,1.0,2008,ITA
-0.014833818690769052,0.06915221039367547,0.08912693601199351,-0.3504727418344785,0.04886564344376443,176.61970558605384,18278.625580046355,0.08962312396694215,0.018354411157024825,-0.0712685227272727,0.060483293388429754,0.007718276859504158,-0.05276586363636364,0.0,2009,ITA
0.07323546658847979,0.12152606873238558,-0.001218892898310342,0.7857180672059694,0.05922348557382695,179.4801400163523,18520.425122909404,0.03341112396694214,-0.009870588842975203,-0.0432815227272727,0.08452029338842976,0.022038276859504186,-0.06248186363636364,0.0,2010,ITA
0.006312620957752646,0.11573621188981154,0.01166787050971596,-0.1226994416224495,0.004643360826194209,184.74915720084093,18551.19764227564,0.04734212396694214,-0.024582588842975206,-0.0719255227272727,0.028308293388429745,-0.006186723140495842,-0.03449486363636364,0.0,2011,ITA
-0.03295758136665128,-0.020503147864704085,0.06334062078850877,-0.9194401051996145,-0.0006400008990348205,190.8733957980494,17951.283874349927,-0.12483187603305786,-0.017133588842975195,0.10769847727272727,0.042239293388429744,-0.020898723140495845,-0.06313886363636365,0.0,2012,ITA
-0.07110609480812635,-0.04257994181493141,0.03111902354011109,-5.766557815670142,-0.050973964213996914,193.249010833382,17570.474942178338,0.042078123966942146,0.02167941115702479,-0.020398522727272717,-0.12993470661157025,-0.013449723140495834,0.11648513636363633,0.0,2013,ITA
0.015732646546099183,-0.04467263960177048,0.03646972719546682,0.7279146264431642,0.016935282143932584,193.70086250949015,17549.695961443445,-0.11710387603305786,-0.059115588842975186,0.057988477272727296,0.03697529338842975,0.025363276859504152,-0.011611863636363656,0.0,2014,ITA
-0.009748545508183049,-0.005176272881972199,0.042103849381393,-0.23886035159775176,-0.01821718629663982,193.9122437656953,17701.075746228515,0.11632712396694216,0.07348841115702479,-0.042838522727272704,-0.12220670661157025,-0.055431723140495825,0.06677513636363636,0.0,2015,ITA
-0.0077387383487447226,0.005037345757717304,0.04751443074283013,0.8700621943084081,-0.022550226650689953,193.8152798867021,17969.303621967574,-0.028680876033057856,0.00029041115702480025,0.02897147727272731,0.11122429338842976,0.07717227685950415,-0.034051863636363644,0.0,2016,ITA
-0.025866053817339196,0.0012378016569676298,0.0433005234378383,0.017746659885478966,-0.04339150018100513,196.38482268002105,18298.50837697321,-0.052409876033057856,-0.014673588842975205,0.0377364772727273,-0.03378370661157025,0.003974276859504161,0.03775813636363637,0.0,2017,ITA
-0.023338785764316472,0.0080464188375724,0.027429890644220745,-0.0063736723496274905,-0.0345278597149592,198.82443387548915,18510.57390934161,-0.023183876033057854,-0.04912958884297519,-0.025945522727272713,-0.05751270661157025,-0.010989723140495844,0.046523136363636364,0.0,2018,ITA
-0.021805766604743648,-0.01249784656127595,0.05503297988428679,0.2907466007548931,-0.02657991475717314,200.0849643024003,18601.359196772417,-0.06321687603305785,-0.03547458884297519,0.0277424772727273,-0.028286706611570248,-0.04544572314049583,-0.017158863636363653,0.0,2019,ITA
0.03198033810288137,0.11434832334590106,0.10950027994859979,0.020280787066230488,0.12912401362071635,199.7940726654208,17000.999643522366,0.011568123966942137,0.047622411157024785,0.03605447727272729,-0.06831970661157025,-0.03179072314049583,0.03652913636363636,0.0,2020,ITA
-0.016710711075701212,0.01982210580884547,0.016214366121055424,-0.13624818113730464,-0.012590732060983156,109.40000217982036,20070.399088282407,-0.44057324999999997,-0.09899195,0.34158130000000003,-0.5635425000000001,-0.18033735000000004,0.38320515,0.0,1999,JPN
-0.03373419876854011,0.004113437228279171,0.021065651766145832,0.08096051445752961,-0.05310353971592263,108.60000054495512,20480.951264994896,-0.10558125,-0.008324949999999998,0.09725630000000002,-0.4211965,-0.09582935000000004,0.32536715000000005,0.0,2000,JPN
-0.042110733628193286,0.01210324729392176,0.02780909816731514,-0.25565008145027013,-0.04299651359103296,107.79667639088316,20499.90795272704,-0.65092925,-0.19276595,0.4581633,-0.0862045,-0.005162350000000038,0.08104215000000003,0.0,2001,JPN
-0.05135216891266947,0.007884587539982224,0.033039076272723955,0.3064918482619998,-0.05213549134995399,106.80046676461927,20516.849232535595,-0.44460825000000004,-0.13619694999999998,0.3084113,-0.6315525000000001,-0.18960335000000003,0.44194915,0.0,2002,JPN
-0.047460048569832325,0.020765312785686385,0.018114711669540817,0.181295352993446,-0.06191520239835979,106.52428983852634,20832.997849900727,-0.0016462500000000019,0.04625004999999999,0.047897299999999976,-0.42523150000000004,-0.13303435000000002,0.29219715,0.0,2003,JPN
-0.030728355013210473,0.043718014329580335,0.01272017110742718,0.21866358241835382,-0.05203205850013071,106.51333043669726,21301.17824873966,0.26084775,0.12250705,-0.1383407,0.017730499999999996,0.04941264999999995,0.03168314999999999,0.0,2004,JPN
-0.005683374002778074,0.049732154896600766,0.018108861224944484,-0.04818177732123785,-0.01830393317985335,106.21194688639744,21575.023474075475,0.29708275,0.15472205,-0.1423607,0.2802245,0.12566964999999997,-0.15455485,0.0,2005,JPN
0.010916796230698855,0.03083471518322156,0.01008610721519343,0.08233567309195022,-0.005817120563861633,106.4793562910271,21938.170592300477,0.34005675,0.17076005,-0.1692967,0.3164595,0.15788464999999996,-0.15857485,0.0,2006,JPN
0.002608820912841203,0.02817348158301658,0.01573832912911355,0.23116894314344294,-0.018503393377653388,106.54620864218452,22410.06561013449,0.28888375,0.11907204999999998,-0.1698117,0.3594335,0.17392264999999996,-0.18551084999999998,0.0,2007,JPN
0.023214935070717146,0.01792610302826625,0.02083225974089964,-0.4101705130979816,0.03405569881549053,108.0213441283794,22175.1244681219,-0.024537249999999997,-0.07728194999999999,-0.05274469999999998,0.3082605,0.12223464999999994,-0.18602585,0.0,2008,JPN
-0.013170570852529595,0.016928513830184677,0.027036930647106994,-0.07808874747014827,0.04387999497107575,106.56374368511106,20963.200296560124,-0.0010082500000000022,-0.10591194999999998,-0.10490369999999999,-0.005160499999999998,-0.07411935000000003,-0.06895884999999996,0.0,2009,JPN
-0.023026785414232087,0.013240733349298761,0.027696118752383203,0.4281009904161257,-0.06630611421720933,105.79439367670928,21934.903391345688,0.0072737500000000024,-0.018537949999999997,-0.025811699999999993,0.018368499999999996,-0.10274935000000002,-0.12111784999999997,0.0,2010,JPN
0.00519020674465831,0.013592936715110193,0.02742778462328599,-0.46568942432104454,0.008217244221397246,105.50616140860431,21869.04677661825,0.01737375,-0.03970594999999999,-0.05707970000000001,0.0266505,-0.015375350000000038,-0.042025849999999976,0.0,2011,JPN
0.011247612758264358,0.02341681305413479,0.025135033804073226,-0.5408902222223411,-0.004643576616882861,105.44698063872728,22218.1932287002,0.09902775,-0.015222949999999985,-0.11425070000000001,0.0367505,-0.03654335000000003,-0.07329385,0.0,2012,JPN
0.01718080440446057,0.02302784810126579,0.03608564197747621,-0.05731172946308993,-0.0045273947475733545,105.80864089908712,22702.703762553305,0.27893975,0.10896805000000004,-0.1699717,0.1184045,-0.012060350000000025,-0.13046485,0.0,2013,JPN
0.024061221176932435,0.024610488596769065,0.033983875114762085,-0.1316029063807702,0.01932823613198198,108.73041742672126,22808.11785153788,0.18841675000000002,0.06797904999999999,-0.12043770000000001,0.2983165,0.11213065,-0.18618584999999999,0.0,2014,JPN
0.024476931052358708,0.034253612564939306,0.036858975229064006,3.2393329621067943,0.007607240966885698,109.59182641048736,23189.97882270277,0.14083374999999998,0.03291605000000003,-0.1079177,0.20779350000000002,0.07114164999999995,-0.13665185,0.0,2015,JPN
0.03148733629207423,0.044117065998728666,0.03272115780345164,0.30277664844142493,0.023629528976763625,109.4668892296358,23367.994774838386,0.10649675,0.009180049999999995,-0.09731770000000001,0.16021049999999998,0.03607864999999999,-0.12413184999999999,0.0,2016,JPN
0.02611057596499622,0.03934921851040851,0.03961408886093132,0.060975747227925536,0.007501597489752987,109.99914857360976,23799.611471881875,0.22656975000000001,0.04408604999999999,-0.1824837,0.1258735,0.012342649999999955,-0.11353184999999999,0.0,2017,JPN
0.14423219659701014,0.17576011853339701,0.07943398772178356,0.21150740657354228,0.10018089150379494,123.51118807967228,21456.94928037366,8.449750000001643e-05,-0.00013630500000000323,-0.0002208149999999992,-0.121809305,-0.055468059999999986,0.06634202000000002,0.0,1999,NLD
0.3228023599380192,0.45660614907099895,0.29359799255645935,-0.18314762738669155,0.2733234469557255,137.9923248634356,22290.725277232385,-0.13019655249999998,-0.137423405,-0.007227114999999992,-0.004083254999999994,-0.005093959999999981,-0.00101068,0.0,2002,NLD
0.1824729348296592,0.19756398924690832,0.15853349212369228,2.0673159409251936,0.16136682447350004,143.01670428870295,22695.82597212556,-0.017020552499999994,0.051476595000000014,0.068496885,-0.004083254999999994,-0.005093959999999981,-0.00101068,0.0,2004,NLD
0.09324798128340883,0.10852455645256542,0.1088742467524344,-0.062224568439504746,0.07348139815864618,145.14892742764997,23113.73626980998,-0.030621552499999996,-0.02038040499999999,0.010241885000000006,-0.021188305000000004,0.046518940000000036,0.06770701999999999,0.0,2005,NLD
0.04391900701639262,0.01107939674299141,0.14468461184080628,0.3634121166781108,0.01097153888333291,147.547466424047,23867.010778434294,-0.035950552499999996,-0.047728405,-0.011778114999999992,-0.034789305000000006,-0.025338059999999968,0.009452020000000005,0.0,2006,NLD
0.047784233018940636,0.010732597874558492,0.049979548221023684,-0.19780403942329017,0.010143458962125429,149.88833192265227,24756.362436510317,0.05547544750000001,0.030938595000000013,-0.024537114999999998,-0.04011830500000001,-0.05268605999999998,-0.012567979999999992,0.0,2007,NLD
0.027510109970490193,-0.0027582032790366418,0.04309781061182094,-0.11995817290431332,0.012945887584011606,153.20625432502325,25112.311527597078,-0.024215552499999987,-0.02212140500000001,0.0020938850000000037,0.051307695,0.025980940000000036,-0.02532698,1.0,2008,NLD
0.05629813075789891,0.007352541041320659,0.017379083604686096,0.052748892064927944,0.10188301876582817,154.6955875915272,24073.41548408792,0.030683447500000002,-0.030744405000000002,-0.06142811499999999,-0.028383304999999998,-0.027079059999999988,0.001304020000000003,0.0,2009,NLD
-0.02678281502365376,-0.04490800179991994,0.03451234542420245,0.30991494202827696,-0.03596140587882424,156.1340324776267,24302.61795851416,-0.0899575525,0.007041595000000012,0.096999885,0.026515694999999992,-0.03570205999999998,-0.06221797999999999,0.0,2010,NLD
0.03610979452002128,0.030737637602504808,0.03640636266990449,0.2524053356196625,0.0250877616725782,159.98967543293818,24563.92656391644,-0.01782155249999999,-0.052172405000000005,-0.03435211499999999,-0.094125305,0.002083940000000034,0.09621002,0.0,2011,NLD
0.030978279961380917,0.03135665824198908,0.026423655751342423,0.19916382102775398,0.046384311185536875,164.50008221612043,24202.269173236706,0.005429447500000004,0.070556595,0.06512788500000001,-0.021989305,-0.05713005999999998,-0.03514197999999999,0.0,2012,NLD
-0.026394118895403995,-0.002084275932252022,-0.006845443024747988,-0.03247442892828156,-0.022288341524244526,168.70346243752908,24100.634782114583,-0.10277555249999999,-0.086788405,0.015986885000000006,0.0012616949999999932,0.06559894000000002,0.06433802000000001,0.0,2013,NLD
-0.013228979454661394,0.007036204931623491,0.0022539292015344436,-0.14785101886722685,-0.024201252328653444,169.24457554916322,24371.63199531745,0.1157194475,0.115931595,0.00021288500000000987,-0.106943305,-0.09174605999999998,0.015197020000000006,0.0,2014,NLD
-0.0323420074349442,0.030155313129929695,0.10677578538546006,-0.20752010201071258,-0.04689926449202353,169.6160607261158,24743.873982589957,0.1297124475,0.05320159499999999,-0.07651211499999999,0.11155169499999999,0.11097394000000002,-0.0005769799999999908,0.0,2015,NLD
0.004701430022885145,0.03988713219591111,0.023006340011747284,0.3138644189908504,-0.012286204207598073,169.8026514542655,25169.442484773517,0.1159634475,0.10419759499999998,-0.011766114999999994,0.12554469499999998,0.04824394000000001,-0.07730197999999999,0.0,2016,NLD
0.05106286936381221,0.11766018572086545,0.01180907711242618,0.39861577622889843,0.027491367344420592,172.0078146051256,25746.85031827206,0.018455447500000013,0.0018285949999999884,-0.016627114999999998,0.11179569499999999,0.09923994,-0.012555979999999994,0.0,2017,NLD
-0.030200432804766697,-0.024941913410555183,-0.005549570801081205,0.05000813008736138,-0.047045345465745236,174.75592265124388,26201.964780269784,0.0270994475,-0.011864404999999995,-0.03896311499999999,0.014287695000000003,-0.003129059999999989,-0.01741698,0.0,2018,NLD
0.014029098663731698,0.02029739958661536,0.05022958891357843,-0.09204820077458653,0.00043173469103963136,179.4209208776793,26558.08868114445,0.018877447500000005,-0.010574405000000009,-0.029452115,0.022931694999999988,-0.016822059999999972,-0.03975297999999999,0.0,2019,NLD
0.005403835472395535,0.009938592784096034,0.09588282999618691,-0.2672317244773821,0.052979120584710326,181.42432557055932,25358.151648829917,0.04870044750000001,0.03527159499999999,-0.01342811499999999,0.014709694999999995,-0.015532059999999986,-0.03024198,0.0,2020,NLD
0.28295665556270144,0.35494833790166713,0.2923438609372888,1.5309442615270443,0.21967456378211891,131.77843144647073,25723.89259170251,-0.020157399999999995,-0.04288565,-0.022728199999999976,0.0049341099999999985,0.004356334999999989,-0.0005778200000000899,0.0,2002,NOR
0.07747282087187646,0.12115222912498935,0.043226581822475074,0.10996615581827762,0.07164002427243732,135.0404713467732,25863.90437722264,-0.3337624,-0.08353764999999999,0.2502248,-0.015223289999999997,-0.03852931500000001,-0.023306019999999983,0.0,2003,NOR
0.06365733736658008,0.09287616777433394,0.08656504379287644,0.14681607976590794,0.027434125765200212,135.6689377495839,26775.762040502254,-0.0946644,0.017220350000000023,0.1118848,-0.32882829,-0.079181315,0.24964698000000002,0.0,2004,NOR
0.16901528940662547,0.20378668686903612,0.09992977981949647,0.4653151179662687,0.14411732035920788,137.73389878738996,27358.44887046488,-0.019317399999999995,0.04200835,0.06132580000000004,-0.08973029,0.021576685000000012,0.11130698,0.0,2005,NOR
0.15936403443896552,0.20892077249697993,0.11531047066015221,0.107579619537715,0.13599811537914297,140.94606040175506,27921.174541621665,0.1412716,0.10146235,-0.03980819999999999,-0.014383289999999996,0.04636468499999999,0.060747980000000035,0.0,2006,NOR
0.16379633355999945,0.18084098080672395,0.16282792750318675,-0.19891233676919295,0.13792589891061535,141.9735530920645,28555.9548221343,-0.007859399999999999,0.08461235000000003,0.09247179999999999,0.14620571000000002,0.105818685,-0.040386019999999995,0.0,2007,NOR
0.07921808562607846,0.0683654243407481,0.0930362534530984,0.42193547998113345,0.08269285453587627,147.320505344548,28464.308014279377,0.039660600000000004,0.018268350000000017,-0.021392199999999972,-0.0029252900000000005,0.08896868500000002,0.09189397999999999,0.0,2008,NOR
0.026436138002122078,0.1078496328257541,0.03555398232109508,-0.36891015368733593,0.047452259396339125,150.51271564453825,27893.199071352246,-0.1510284,-0.03735464999999999,0.11367380000000005,0.044594709999999996,0.022624685000000005,-0.02197001999999998,0.0,2009,NOR
-0.010952004939166704,-0.02087104765637482,0.03154621404247138,0.0969184387342672,-0.014273982723626455,154.1239035464022,27987.20144729498,-0.061845399999999995,-0.06695664999999998,-0.005111199999999982,-0.14609429,-0.032998315,0.11309598000000004,0.0,2010,NOR
0.02748764349797672,0.008052168290644701,0.06760829485821729,0.2444570483127113,0.031048127543082726,156.12901064108354,27890.55417976372,0.0488316,0.013009350000000003,-0.03582219999999997,-0.05691129,-0.06260031499999999,-0.005689019999999989,0.0,2011,NOR
0.01685510547937863,0.049223570118800186,0.04199602244914247,0.08083298806057115,0.003054762787048082,157.23630858889268,28274.281190331203,0.009103600000000002,-0.010496649999999996,-0.019600199999999984,0.05376571,0.017365684999999992,-0.03640001999999998,0.0,2012,NOR
0.09915122017769984,0.08739165707587015,0.04515061294617295,-0.15171950095413056,0.10046060814438218,160.58812940388233,28240.638910650112,0.1451876,0.02716935000000001,-0.11801819999999998,0.01403771,-0.006140315000000007,-0.02017801999999999,0.0,2013,NOR
0.12572909995001513,0.015964492058534896,0.059926233391078165,0.07499600677501927,0.11701579475806967,163.8401936469973,28460.930608223927,0.0108686,-0.06740664999999998,-0.07827619999999999,0.15012171,0.031525685,-0.11859601999999998,0.0,2014,NOR
0.07262937291210814,0.09946444584477021,-0.0008540871864586297,-0.2661901852771007,0.0619292813245611,167.40150326292397,28747.705414729848,0.0419026,-0.015373649999999989,-0.05727619999999997,0.015802709999999998,-0.063050315,-0.07885402,0.0,2015,NOR
0.04581280214457761,0.053048555728411495,0.0318267835395869,-0.4480502195963688,0.04401450172630783,173.3370192894678,28797.222936360176,-0.11119939999999999,-0.08183664999999998,0.029362800000000022,0.046836710000000004,-0.011017315,-0.05785401999999998,0.0,2016,NOR
0.0659950496631505,0.06984143168149615,0.06369139695965065,0.30801989340336156,0.0493531475667357,176.54375414632295,29253.92387242427,0.1239286,0.03628635000000002,-0.08764219999999998,-0.10626529,-0.077480315,0.028784980000000016,0.0,2017,NOR
0.05442687627647791,0.05923397680910014,0.05811091589569228,0.5662712680656317,0.04939170372762769,181.42813134443008,29394.289527980112,0.0487706,-0.013947649999999978,-0.06271819999999997,0.12886271,0.04064268500000001,-0.08822001999999998,0.0,2018,NOR
0.05107494632106824,0.05746596601210774,0.043988431580278764,-0.6405523541226497,0.04862871918956757,185.37419320117144,29462.86013570684,0.0916266,-0.007367650000000003,-0.09899419999999998,0.05370471,-0.00959131499999999,-0.06329601999999998,0.0,2019,NOR
0.048184453417999595,0.06416582805725923,0.09705742976321874,-0.3387787377674437,0.06175322441992215,187.7377141644864,29086.336859818988,0.1517876,0.06073235000000002,-0.09105619999999998,0.09656071,-0.0030113150000000144,-0.09957201999999998,0.0,2020,NOR
0.19348989894032975,0.2930189698828447,0.10059239794389518,0.4613727023178886,0.17646808043909679,193.01742028838407,14343.1627956971,-2.7755575615628914e-17,-5.551115123125783e-17,-6.938893903907228e-17,0.021165782051282014,0.015717628205128148,-0.005448141025641076,0.0,2006,PRT
0.23692067764342184,0.24034031381393195,0.10917963432257527,0.12634266676543282,0.24247465520619826,203.90100613004623,14279.047520578404,-0.18847291666666666,-0.16867441666666666,0.01979858333333334,0.021165782051282014,0.015717628205128148,-0.005448141025641076,0.0,2010,PRT
-0.009470913081510601,-0.005096691813214815,-0.01912134944612287,-0.37721578917158627,0.007482252875531614,211.14943930514036,14038.770273377344,0.22046108333333336,0.13729958333333334,-0.08316141666666667,-0.1673071346153846,-0.15295678846153846,0.014350442307692335,0.0,2011,PRT
-0.05537600758795247,-0.029657170390244625,-0.08821113692072746,-0.7625974767324879,-0.01942095779622699,217.0111776603764,13524.00842097281,-0.12630291666666665,-0.03594041666666664,0.09036258333333333,0.24162686538461542,0.15301721153846154,-0.08860955769230767,0.0,2012,PRT
-0.04994571733733366,-0.035541982971931896,0.01304760899398305,-1.9976921389664333,-0.04634169232458829,217.96480375100435,13472.899062170522,0.11319508333333336,0.14665758333333337,0.03346158333333332,-0.1051371346153846,-0.020222788461538438,0.08491444230769232,0.0,2013,PRT
-0.0758758895441981,-0.03886553682205929,0.003473452403281785,-0.8965828810210403,-0.08806675098719596,217.61703643813772,13653.006812250058,0.04496508333333335,-0.03973441666666666,-0.08469941666666667,0.1343608653846154,0.16237521153846157,0.028013442307692316,0.0,2014,PRT
-0.04476894674736409,-0.03893216871262206,0.04128792861148223,0.5406126421638042,-0.06546524554018829,218.72158041925496,13955.367646941671,0.028706083333333354,-0.04554241666666664,-0.07424841666666668,0.06613086538461539,-0.024016788461538457,-0.09014755769230767,0.0,2015,PRT
-0.03849324475897853,-0.03202464536466543,0.09757135353992008,4.328011016342663,-0.06049253157321799,220.1126496707214,14282.143266913396,-0.41286591666666667,-0.18029941666666666,0.23256658333333333,0.049871865384615396,-0.029824788461538437,-0.07969655769230768,0.0,2016,PRT
-0.026996342761981595,-0.014390390898421423,0.0866865751200867,0.1081623947784982,-0.06225186508654601,223.5378296200869,14819.093863819422,0.003726083333333352,-0.009603416666666642,-0.013329416666666663,-0.3917001346153846,-0.16458178846153845,0.22711844230769232,0.0,2017,PRT
-0.015505271004152887,-0.0021530638516992218,0.08527591973244153,-0.5432977178704863,-0.0443124789254038,226.14717807448864,15265.784553742387,-0.018166916666666644,-0.06806241666666665,-0.04989541666666667,0.024891865384615394,0.006114211538461561,-0.01877755769230767,0.0,2018,PRT
0.005071176013126566,-0.0021566344461609877,0.0751166547251263,-0.22114742808628507,-0.020950083277661125,226.82521497378832,15671.51967650313,0.05960008333333336,0.05957058333333334,-2.9416666666670643e-05,0.0029988653846153984,-0.05234478846153845,-0.05534355769230768,0.0,2019,PRT
0.0477940009308806,0.023986502138130916,0.11709047618137669,-3.192937356291904,0.14705782959008573,226.54962578246003,14315.341283515145,0.15469808333333335,0.08854458333333334,-0.06615341666666666,0.0807658653846154,0.07528821153846155,-0.005477557692307677,0.0,2020,PRT
0.058412939018659626,0.03502499910951795,0.27891106186578085,0.363727199846803,0.012096171531063238,124.24242424242426,20012.530037183817,-0.06303049999999999,-0.010627999999999999,0.05240249999999996,-0.024003499999999997,-0.01689300000000002,0.00711050000000002,0.0,1999,SWE
0.0750759247944337,0.07396705103415524,0.07396730475924418,0.33289619925873226,0.03741286535107302,123.59777665487624,27869.81202767119,0.031037913043478263,-0.009656086956521759,-0.04069395652173913,-0.028454999999999998,-0.05530352173913042,-0.026848478260869585,0.0,1999,USA
0.08273502373489894,0.08104923262786423,0.060510353325893274,0.4022929154077495,0.05134452795463007,127.79181404749878,28701.934318309348,0.05133891304347826,0.019811913043478235,-0.03152695652173912,0.033617,-0.007568521739130418,-0.041185478260869574,0.0,2000,USA
0.05777291392267747,0.10579897772279612,0.08623376984244868,-0.019528373240978447,0.056883276983639375,131.43001515917135,28726.09431927397,0.0024579130434782617,0.007036913043478227,0.00457904347826088,0.053918,0.021899478260869576,-0.032018478260869565,0.0,2001,USA
0.06689842832997939,0.11210736794513987,0.07448416784164169,0.1574049873248764,0.05766292969948994,133.50176856998488,28976.93019268436,-0.011744086956521738,0.008625913043478234,0.02037004347826088,0.005037000000000001,0.009124478260869567,0.004087521739130434,0.0,2002,USA
0.08443917494950148,0.1082089775318662,0.06963683678670773,0.14511443536523072,0.06669611773459994,136.533602829712,29458.922506871186,-0.034771086956521736,0.0011849130434782307,0.03595704347826087,-0.009165,0.010713478260869574,0.019878521739130434,0.0,2003,USA
0.12078468165277689,0.15501023482994625,0.04761307582978014,0.2174816244397344,0.0932889669092396,140.22233451238003,30199.800860551808,0.016927913043478265,0.03883591304347822,0.021907043478260863,-0.032192,0.0032724782608695713,0.03546552173913042,0.0,2004,USA
0.09684139682453607,0.11320259669947785,0.04267055057659297,0.17824393327745347,0.07401506069287556,144.97220818595252,30841.645496424466,0.013024913043478263,0.014019913043478244,0.0009940434782608754,0.019507000000000004,0.04092347826086956,0.021415521739130416,0.0,2005,USA
0.07708667129716962,0.0827159293422155,0.05229675302159076,0.08997504104213672,0.05936644653279366,149.67155128852957,31357.53958773589,0.06592691304347827,0.04119291304347822,-0.024733956521739126,0.015604000000000003,0.016107478260869584,0.0005025217391304293,0.0,2006,USA
0.07251807982531377,0.05509045153655068,0.06113295200549862,-0.09806990088680234,0.062442140746858055,153.91611925214755,31654.92675492241,0.00021991304347826132,-0.018000086956521777,-0.018220956521739134,0.068506,0.04328047826086956,-0.02522547826086957,1.0,2007,USA
0.036131364327645965,0.017720948949869753,0.06759804225725441,-0.05434496316631232,0.04951466387498327,159.82819605861545,31251.266490333088,-0.003231086956521738,0.033938913043478236,0.03717104347826086,0.0027990000000000003,-0.015912521739130436,-0.01871247826086958,0.0,2008,USA
-0.058116045147969975,-0.031053420261883957,0.08034931787906774,-0.45481432136058086,-0.01550497531210604,159.27235977766546,29898.64421649179,-0.05543408695652174,-0.010595086956521782,0.04483904347826087,-0.0006519999999999989,0.03602647826086958,0.036679521739130416,0.0,2009,USA
0.022643510709137393,-0.01538376831637156,0.025071464451059455,0.13763772726315127,0.002765050473999775,161.89994946942898,30491.34438076369,-0.021326086956521738,0.003004913043478219,0.024331043478260872,-0.052855,-0.008507521739130441,0.044347521739130424,0.0,2010,USA
0.021919018537541746,0.003696456073108756,0.07297087843444827,0.05392336146591914,0.013472771005339501,167.0035371399697,30745.45820562164,-0.08684208695652174,-0.006552086956521763,0.08028904347826085,-0.018747,0.00509247826086956,0.023839521739130426,0.0,2011,USA
0.03201356055628257,0.006331212005067366,0.08584648786718763,-0.08167196357542439,0.0161895958910796,170.5406771096513,31224.222253421813,-0.07896308695652174,-0.019534086956521757,0.05942904347826086,-0.084263,-0.004464521739130423,0.0797975217391304,0.0,2012,USA
0.030281936733518755,0.018520629317110737,0.0673713449496589,-0.18812423465482941,0.018619792926280798,173.06720565942393,31581.707325592328,0.03176791304347826,0.025353913043478227,-0.0064139565217391226,-0.07638400000000001,-0.017446521739130416,0.058937521739130416,0.0,2013,USA
0.05580563606092381,0.03296562749800125,0.0617428519449732,0.08991766213489272,0.03965931813900392,175.99797877716017,32072.18365577019,-0.02271808695652174,-0.036305086956521765,-0.013585956521739134,0.034346999999999996,0.027441478260869567,-0.006905478260869569,0.0,2014,USA
0.06947202429622701,0.04237602922057859,0.05765178955387085,0.10515760396564122,0.04882689858494338,176.30116220313286,32703.493039904108,-0.028941086956521735,-0.020311086956521757,0.00863004347826088,-0.020139,-0.034217521739130424,-0.01407747826086958,0.0,2015,USA
0.06474073669551927,0.06103934669636213,0.06781237220830283,-0.02766310249361681,0.05476588355327916,178.57503789792818,33012.76787083851,-0.04492408695652174,-0.013027086956521772,0.03189704347826086,-0.026361999999999997,-0.018223521739130416,0.008138521739130433,0.0,2016,USA
0.04829802875656086,0.046710793299841846,0.05693848046982075,-0.09022493982237223,0.0317061105247054,182.41536129358252,33543.679861697616,0.030830913043478257,-0.0007790869565217629,-0.03160995652173912,-0.042345,-0.010939521739130431,0.031405521739130415,0.0,2017,USA
0.04498426185661164,0.024461423281059824,0.03855505720360908,0.21160789821455217,0.020788361639676678,186.8620515411824,34338.77075550321,0.08978091304347827,0.02023291304347824,-0.06954795652173913,0.033409999999999995,0.0013084782608695777,-0.032101478260869565,0.0,2018,USA
0.049987003360397964,0.05558623017044928,0.051004053759689416,0.07736382492738003,0.03127490166691649,190.24759979787768,34961.83505132533,0.03665991304347826,-0.03254408695652178,-0.06920395652173912,0.09236,0.02232047826086958,-0.07003947826086958,0.0,2019,USA
0.07977955660567293,0.09988281354793571,0.19148070926311922,0.3048682078598737,0.12199908044539609,192.622536634664,33646.26175527241,0.04995491304347826,0.011455913043478233,-0.038498956521739125,0.039238999999999996,-0.030456521739130438,-0.06969547826086957,0.0,2020,USA
