tloans_gr,tmort_gr,money_gr,ca_gr,tloans_rgdp_gr,cpi,rgdpmad,net_sentiment_dm,P_pos_dm,P_neg_dm,net_sentiment_lag1_dm,P_pos_lag1_dm,P_neg_lag1_dm
0.15170255,-2.7179885,0.089507446,-0.76580054,0.62871975,-1.0467721,-0.23430935,-0.11065212,-0.7054845,-0.92843986,-0.50150067,-0.4756972,0.09332394
0.14869252,-2.535861,-0.030715154,-0.8232866,0.5872452,-1.0754945,-0.20877859,-0.035128787,-0.50626254,-0.82482886,-0.4033897,-0.5532718,-0.37045264
0.22184563,-2.614167,-0.49330398,-0.61129457,0.42321968,-0.897626,-0.17997512,-0.14250506,-0.71802187,0.38609967,-0.07377749,-0.3730886,-1.1631174
0.2918409,-3.4773679,-0.12880191,-0.73631316,0.63099736,-0.3095376,-0.20961714,-0.48040524,0.038246408,0.6387421,-0.6347379,-0.7010027,-0.07895595
0.2917897,-3.3244104,-0.48034412,-0.6868041,0.4915868,-0.24177255,-0.2582972,-0.42610422,0.6779889,0.6704279,-0.64201003,-0.4220749,-0.0930695
0.2908822,-3.8150609,0.1213722,-0.6675611,0.6685154,0.095797576,-0.278909,-0.10566135,0.5012056,-0.04957893,-0.6512612,-0.31429628,-0.24874493
0.20379667,-3.1174805,0.09285743,-0.59794027,0.6706521,0.4481749,-0.14898214,-0.101969615,-0.4830433,-1.4173012,-0.7273101,-0.32147777,-0.52463835
0.21849705,-2.7192292,-0.5653317,-0.5240657,0.5287605,0.8707174,-0.10834629,-0.11169265,-0.51466113,0.13070828,0.04793304,-0.5688306,-0.78099865
0.20991176,-2.4541802,-0.5187201,-0.85007435,0.4716207,0.5708615,0.19680995,-0.011138455,-0.94611216,-1.2992835,-0.4840426,-0.3736743,-0.5201397
0.25980058,-2.977627,-0.5167895,-0.5821879,0.19213398,-0.74675995,-0.041310906,0.031095963,-0.44775122,0.4301371,0.09944951,0.31191173,-1.1173425
0.27013868,-3.010525,-0.51224345,-0.6343544,0.47359562,-0.72496635,-0.026440002,-0.09380708,-0.991061,0.62892723,-0.82375664,-0.36307913,-0.026165245
-0.054546982,-2.74,0.019853659,-0.5812752,-0.56551135,-0.5420181,-0.5659959,-0.0241631,-0.8305875,-1.1846472,-0.8006731,0.3810249,-0.31405482
0.5353072,-0.7375143,0.096435666,-0.30476728,-1.046252,-0.8251616,-0.8056752,-0.15022373,-1.1934993,-0.0025970945,0.104997784,0.16989338,-1.2228007
0.05231461,-0.3416856,-0.072671965,-0.8395276,-1.5056129,-0.5577779,-0.79520917,-0.049334932,-0.5728143,-1.4779423,-0.5026134,-0.5674583,-0.36307907
0.27120778,0.09855758,0.05719139,-0.882405,1.0142461,-0.59946364,-1.0156707,0.05463828,-0.875443,-1.3232701,-0.083278,-0.28046933,-0.7692155
0.37429905,0.05763376,0.05192412,-0.4001826,0.7795603,-0.827294,-0.90297234,-0.06661363,-1.2962301,0.047416177,0.09156871,0.24553904,-1.3445711
0.3065782,0.033449516,0.030136386,-1.3251282,0.88194937,-0.5249418,-1.0401889,0.014023681,-1.1781623,-1.817267,0.14002609,0.046271283,-0.280204
0.43380034,-0.79270285,-0.035160393,-0.6385138,-0.89723796,-0.60334015,-0.9190469,-0.07978865,-0.9407357,-1.4747742,0.090953924,0.4419383,-0.9105094
0.05366826,-0.40016913,-0.39965612,-0.70847213,-0.92714673,-0.6291079,-0.81698716,0.050945845,-0.886037,-1.4318424,-0.045961868,-0.6093053,-0.5480468
-0.03386115,-0.18194461,-0.35624894,-0.69468564,-0.91778296,-0.64117926,-0.84150535,0.04347525,-0.8683893,-1.1645765,0.118602715,-0.6147413,-0.86943007
-0.020151041,-0.14611986,-0.40202916,-0.5174078,-0.98138016,-0.86505145,-0.75167686,-0.10827268,-0.06952674,0.0701116,0.17968099,-0.6409596,-1.2975836
-2.1095762,-0.12844005,-0.31220332,0.6249824,-0.8249594,-0.7265456,-0.627875,-0.16265377,-0.9746256,0.06757932,-0.40609473,-0.55001545,-0.1806642
0.03446327,-0.3908648,-0.32193264,-0.5699183,-1.00049,-1.1675849,-0.34922886,0.04937348,-1.062002,-0.8003892,-0.4120331,-0.7126866,-0.3715692
-1.9845645,0.93947,-0.120354645,-0.41877472,-1.4599227,-0.8057201,-0.18864684,-0.17010242,-0.7359217,0.37544796,0.1762363,0.5826762,-1.0312685
-1.6842887,-0.27946982,0.074901536,-0.79264,-1.5697079,-0.9902445,-0.21520215,-0.014631767,-0.9745594,-0.109965086,-0.6118005,-0.7093004,-0.28061774
-2.0879362,-0.42754978,-0.09668965,-0.2865636,-1.6155021,-0.9775421,-0.18984276,0.003558967,-0.69751316,-0.014286548,0.2926562,0.053507917,-0.15622555
0.42323777,-2.4442666,0.04829915,-0.64591515,-0.6884304,-0.7884981,-0.22801343,-0.05455097,0.12213183,0.25216922,-0.8713951,-0.9355601,-0.17555451
0.18954308,-2.9190834,-0.11200523,-0.3318847,-0.7062808,-0.24236973,-0.2610943,-0.18465292,-0.72603434,-1.2486904,0.3129585,0.22440845,-0.16942549
0.17028897,-2.0346951,-0.09661216,-0.5478653,-0.80162334,-0.21494077,-0.32869637,-0.07149599,-0.7943905,-1.115264,-0.4678058,-0.69757974,-0.34863946
0.25648046,-3.3616588,0.043960482,-0.6431667,0.501642,-0.09450028,-0.24024189,0.046976943,-0.16584897,0.13887775,-0.84409875,-0.6637985,0.1820499
0.6709451,0.17782137,0.09664095,0.04452663,1.0283041,1.0308492,-0.010311235,0.09593019,0.32480586,0.41714433,0.27639398,0.271875,0.38918144
-2.3817604,-0.1856915,-0.028887402,0.09949866,-1.6381711,0.91259915,-0.24908833,-0.060547717,-0.77389425,0.118706845,0.31203133,0.08257962,0.30429295
-1.7896584,-0.42407224,-0.36577713,-0.47542006,-1.4099016,0.52928025,-0.31682652,-0.055362593,0.7041349,-1.4452668,0.3131889,0.11699382,-0.48404464
0.52573925,0.08342089,-1.0760164,-0.29060408,0.8476997,-0.816545,-0.29603708,-0.16908532,-0.920391,0.16956092,-0.08515971,-0.39561367,-1.2883166
0.19213052,-2.1089156,-0.21420898,-0.48319566,-0.5501984,-0.51194197,-0.39984897,0.041465007,-0.8288613,-1.0864254,-0.8133378,-0.5209461,-0.34351978
0.33269188,-2.339405,-0.032006733,-0.5899362,-0.74802697,-0.48422855,-0.39393216,0.020538675,-0.7855108,-1.0947073,-0.78806704,-0.52882403,-0.32248464
0.5585176,-0.39776084,-0.5036751,-0.30716902,-0.6798621,-0.61346334,0.12674971,-0.18016982,-1.0895063,0.43609244,0.13104984,0.22965562,-1.5232372
0.38685107,-0.28377298,-0.39105767,-0.33152854,-0.63423437,-0.5363947,-0.81113195,0.022111036,0.5439549,-1.3590859,-0.8066003,-0.9751652,-0.30786404
-2.1542485,0.15917113,-0.028711855,-0.15069264,-1.6224375,-0.9977901,-0.21362688,0.028996957,-0.66100794,-0.11172911,-1.0124077,-0.4930186,-0.24841593
0.104304224,0.40584144,-0.02925126,0.23790412,-1.9509227,-0.97731495,-0.34943599,-0.07447793,-1.0250752,-1.2173496,0.12390827,0.21436237,-0.24376698
0.23698542,-0.8222093,-0.061680444,-0.3473516,-1.176377,-1.401011,-0.21660312,-0.1165723,-1.1721277,0.045248155,0.12450884,0.17120838,-1.3379653
0.09611866,-0.8011258,-0.0260122,-0.51857036,-1.1259314,-0.99246544,-0.37247795,0.016229484,-0.8701365,-1.8242166,0.20687176,0.46196523,-0.13874319
0.057902038,-0.7921889,-0.07563207,-0.72005385,-1.2422732,-1.4022704,-0.2348348,-0.11490852,-0.1263069,-0.10712466,0.15637198,0.4777727,-1.3348479
0.349953,-0.28144056,-0.05083318,0.46922866,-1.4426595,-0.34135962,-0.23071101,-0.029649463,-1.0549598,-1.6059945,0.102443986,-0.5045036,0.13974409
0.28792512,-0.34169972,-0.084180124,-0.44154128,-1.2839434,-0.3441797,-0.24388142,-0.03973167,-0.63046664,-1.6407628,0.10803091,-0.6160439,-0.930399
0.25112054,0.12549324,0.1434771,-0.9755258,1.0409849,-0.21237467,0.14835134,-0.12569231,-1.0039032,-1.412865,-0.45563924,-0.76072294,-0.43478858
0.35067275,0.11440353,0.0056132455,-1.143116,1.0418262,-0.17695446,-0.8014128,-0.04985106,0.6912003,-2.1163492,-0.10413325,-0.35104698,-0.5805677
0.42731008,0.13522394,-1.12053,-0.7174496,0.81535727,0.5180456,0.22462739,-0.42502195,-0.8378964,0.3622388,-0.915942,-0.8680295,0.013020586
-2.0936444,0.8104091,0.076300405,-0.22941117,-0.9333381,0.7814721,-0.14307478,-0.07319392,-0.67544067,0.06300748,-1.0149685,-1.3448628,-0.20685418
0.43608317,-2.8760355,-0.109517895,-0.83008635,-0.74213445,0.68414116,0.30780452,-0.08687558,-1.0224651,0.19689062,-0.6505999,-0.62354547,-0.21071489
0.25564873,-3.4091542,-0.021154689,-0.5756771,0.64546233,0.7520144,-0.4601752,-0.030826356,-0.9196698,-0.0128100235,-0.9499973,-0.37530047,-0.3681887
0.4250026,-2.75589,-0.12702985,-0.96214557,-0.740744,-0.74866736,-0.63444984,-0.09306758,0.4547192,-0.0553789,0.11027713,-0.5173292,-0.32773483
0.6237158,0.4395931,-0.037160598,-0.51527256,-1.3188806,-0.81014895,-0.7696873,-0.0021820748,-1.0060626,0.12499771,-1.0053284,-0.8469985,-0.26434946
0.49375644,0.5673486,-0.06541081,-0.50884104,-0.68852454,-0.67179686,-0.91950047,-0.09343653,-0.91654146,-1.8458806,0.3276388,0.74176824,0.22069308
0.44029915,-3.5173702,-0.10193328,-0.971428,0.7037802,-0.82464623,-0.73891234,-0.1401337,0.111249685,0.06934428,-0.030796409,-0.3162271,0.23059973
0.27826297,-0.28631565,0.12228804,-0.6347984,-1.3916057,-0.76256484,-0.74400663,0.040913574,-0.7965861,0.20112336,-0.97683775,-0.7108897,-0.23885633
0.4519383,0.3341316,-0.093685664,-0.46976325,-1.2750307,-0.56438786,-0.8664007,-0.026369194,0.10759174,-1.3473723,-0.87207705,-1.2118953,-0.33942917
0.44855168,-0.048831217,-0.09255436,-0.55124545,-1.2966245,-0.62762827,-0.85898983,-0.054394122,-0.60699135,-1.2634186,-0.026221506,-0.62369883,-0.7824178
0.17529066,-0.11993746,0.12154575,-0.5274083,-1.3404408,-0.5836327,-0.6648249,-0.1327958,-0.8875051,0.27826482,0.0005122989,-1.3046185,-1.4169593
-0.14857997,-2.4736505,-0.50549287,-0.62908906,0.44933972,-0.70526576,-0.58533686,0.037877697,-0.5487115,0.13556884,-0.88842446,-0.67446536,-0.08397076
-0.022620307,0.24132285,-0.3894202,-0.786708,-0.952171,-1.04072,-0.3706001,-0.06703832,-0.9165238,-0.78648055,-0.41621152,-1.2456602,-0.36467314
-1.2404652,0.1641638,-0.35937637,-0.60169077,-1.2363248,-0.90935266,-0.2934287,-0.06565744,-0.7732504,-0.7359372,-0.07456075,-0.69356275,-0.667314
-1.3871652,-0.19983327,-0.11619615,-0.6322848,-1.3795685,-0.807448,-0.25182885,-0.1756436,-0.61592215,0.26246372,-0.62018454,-1.023913,-0.6067429
-1.987607,-0.09578763,-0.4732742,-0.35957593,-1.3557662,-0.9304024,-0.24842404,-0.012590947,-0.7721012,0.13104336,-1.0087391,-0.53087175,-0.21375532
-1.2043414,-0.33447802,-0.08249075,-0.7740189,-1.3472862,-0.742034,-0.29050618,-0.056289047,-0.74115914,-0.8729837,-0.5104364,-0.7250855,-0.3132575
-0.03148896,-0.14410797,-0.3423365,-0.95708454,-1.3287156,-1.1536591,-0.39690918,0.04937348,-1.0147885,-1.0898316,-0.5315408,-0.8362164,0.18314767
0.12344855,-0.3834358,-0.05257135,-0.5847034,-1.7062984,-1.3919902,-0.22386363,-0.1165723,-1.1448238,0.12308623,0.281088,0.09842623,0.2652967
0.29164693,-0.48441574,-0.38480458,-0.755955,-0.782689,-0.9846663,-0.25910673,0.016229484,-0.9344029,-1.6094055,0.05966576,0.23889813,-0.17221066
0.011154866,0.36972797,-0.34316102,-0.43835568,-1.204645,-1.3926446,0.35763952,-0.10823729,-0.9477969,0.04087143,0.13681245,0.18656856,-1.3390998
0.7124759,0.80929613,-0.3291445,0.16203466,0.21038017,0.04763913,0.31617773,0.029909149,0.67423296,1.0079986,0.30244765,0.9877398,0.15273952
-2.2159622,-0.5671172,-0.04306958,0.0026264868,-1.184241,-0.9844565,-0.08459531,-0.112522304,-0.959334,-0.15232296,0.014861933,0.07743623,-0.19525106
-2.0902052,-0.1720064,-0.100328825,0.14487791,-1.7541076,-0.20134927,0.27178484,-0.14586367,0.015389873,-1.2641594,0.11370623,0.060248043,-0.2734133
0.06499194,-0.21059377,-0.09822749,-0.4142119,-1.4484557,-0.11798545,0.30466524,-0.46083692,-0.6373841,0.50855803,0.1249212,-0.78787345,0.11501602
0.56322527,-0.06405341,0.1409686,-0.7110685,-1.4067572,-1.0853635,0.28444114,0.028553063,-0.825159,0.21645759,-0.6023038,-1.1381975,-0.18898334
-0.03783599,-0.14745894,0.07036795,-0.7636204,-1.2418107,-0.97286683,-0.60274583,-0.022097625,0.20474397,-1.1925124,-0.75918007,-0.949575,-0.2705217
0.4535569,0.34774995,-1.1692681,-0.72781676,0.52944076,-1.5752633,-0.743538,-0.13459252,-0.13107215,0.08932334,0.28050297,0.17426425,0.25500688
-2.1483934,0.15033111,-0.4092597,-0.7389909,-1.2297895,-0.80827194,-0.40035444,-0.176074,-0.015992507,0.55158544,-0.666098,-0.63396394,-0.13511322
-2.0144587,0.12971455,-0.35387793,-0.5471877,-0.9987618,-1.0104449,-0.34578848,-0.047883466,-0.7872209,-0.12397918,-0.9859003,-0.5879271,-0.19178766
0.30083525,-0.5132125,-0.40727392,-0.6639934,-0.45573702,-1.0021406,-0.6764996,0.017801844,-0.8609262,-1.6686087,-0.781112,0.46911886,-0.24492621
-1.578819,-0.1628131,-0.4026245,-0.45091236,-1.1517724,-0.9589028,-0.45673254,-0.032900993,0.75901055,-1.0402697,0.2399644,0.114247106,0.2969693
-0.019520685,-0.1761626,-0.383708,-0.8789186,-0.93354875,-1.1781677,-0.73812425,-0.08253861,0.31912604,-1.1646914,0.20371406,-0.60825735,-0.9122442
-1.5847632,-0.09100105,-0.029566484,-0.40622258,-0.9627572,-1.0381213,-0.43816492,-0.11038807,-0.8470408,0.044403303,0.014036605,-0.65383536,-0.9628013
0.394586,-2.4314895,-0.34044737,0.7696348,-0.7722142,-1.322342,-0.008779813,-0.1831063,-0.62231976,-0.0020585326,-0.36679313,-0.5829751,0.100172885
0.06644599,-0.33368012,-0.3508454,-0.7364315,-1.0314838,-1.2715586,0.20590685,-0.08098154,-1.122415,-0.8394617,-0.7571416,-0.67462254,0.09423122
-1.8702835,0.1813364,-0.030439295,-0.38025483,-1.5782576,-1.293484,-0.017282838,-0.07859169,-0.8867169,-0.042233143,0.24478607,-0.5130646,-0.8756111
-2.4026735,0.2523907,-0.43730265,-0.35281324,-1.3422093,-1.1099297,-0.009469593,-0.012553353,0.49102235,0.4293608,0.12947382,0.6225508,0.12879696
-1.2404882,-1.550623,-0.2321271,-0.52714753,-0.889786,-1.0510665,-0.058348052,-0.023929005,-0.7517312,-0.12645853,-0.97514087,-0.4034632,-0.19421636
-2.5133624,0.2420797,-0.34862173,0.008680903,-1.4536015,-0.08917717,-0.016479792,-0.15639068,-0.96823597,0.27107483,0.013041502,0.10216471,-0.1230514
-2.1547441,0.23902804,-0.09922748,-0.774055,-1.7801077,-0.28949732,0.0128084235,-0.041944973,-0.5647315,-1.468582,-0.55673456,0.41510412,-0.31112716
-1.9277637,0.18014327,-0.124644764,-0.54371953,-1.7576451,-0.21543188,-0.10510715,-0.08883219,0.17652003,-0.9728682,-0.40917805,-0.54661405,-0.25877544
-1.7275968,0.8344688,0.027228765,-0.84615123,-1.2901828,-0.21228604,-0.27410117,0.02125755,-1.0047604,-1.2280527,-0.08695284,-0.44043365,-0.3576157
0.24576743,1.4375213,0.17336106,0.03322529,-0.48365277,0.82744294,-0.16275397,0.03963799,1.0372316,0.45733792,0.44608286,0.9832568,0.37553036
-2.0327446,0.28027967,-0.37800068,-0.36575973,-0.7350642,0.62797153,-0.1028819,-0.047892004,0.6674208,-1.2619412,-0.92781425,-0.7717102,-0.54334456
-2.295539,0.2452262,-0.3139871,-0.6091552,-1.371712,0.8024698,-0.24662018,-0.05141334,-1.0361316,0.18122268,0.08576664,-0.4246851,0.3740303
-2.4864872,0.22637802,-0.0694465,-1.1217169,-1.6548876,0.6796344,-0.24763991,-0.041835327,-1.0848796,0.009778075,0.010557722,0.51373035,-0.3641546
-2.5706108,0.258743,-0.111859776,-0.45508137,-1.8169571,-0.7100981,-0.29551783,-0.05961342,0.70682186,-0.03344417,0.084040806,0.56566834,-0.35889775
-2.366004,0.15264156,-0.40816006,-0.30388647,-1.4298354,-0.7100981,-0.2950627,-0.05961342,0.65698683,-0.04126647,-1.0725843,-0.5875856,-0.42575136
-2.1877458,-0.074666955,-0.07216587,-0.8139882,-1.6420325,-0.7341719,-0.32730225,-0.05863606,-0.95640767,-0.051122405,-0.65342826,-0.40230665,-0.32348448
-2.400601,0.23335534,0.09794982,-0.44578367,-1.2889491,-0.73291475,-0.27852008,-0.088431716,0.11670781,-0.07886987,0.23340365,-0.8216005,-0.2829153
0.07114279,0.39341733,-0.13160706,-0.5236008,-1.4756762,-0.7367733,-0.35870293,-0.06413021,0.73060286,0.093582556,-0.9142621,-0.9728316,-0.43907073
0.02371907,-0.12107281,-0.44669187,-0.6101191,-1.1647243,-0.73314416,-0.35732296,-0.06413021,-0.61981684,0.052707687,-1.0536857,-0.6761379,-0.31089336
0.017152552,-0.3192392,-0.4721066,-0.51784605,-1.2042824,-0.717424,-0.37218735,-0.05720582,0.12300383,0.021506025,-0.9161015,-1.0308039,-0.35224345
0.10553822,-2.6162875,-0.33720154,-0.33349204,-0.84106284,-0.67934847,-0.42763516,-0.062466428,-0.8719472,-0.009591261,-0.9668621,-0.5006424,-0.3304871
0.07275,0.15170309,0.08203071,-0.92966753,1.1305944,-0.5739536,-0.44635016,0.0032390999,-0.9483127,-1.1618189,-0.8358901,-0.76541567,0.14308019
0.44800475,0.09504838,-0.045914598,-0.8704861,1.0240079,-1.2769719,-0.42725652,-0.07498006,-0.52495545,-1.0765743,-0.40274328,-0.7455258,-0.34046438
0.23686615,0.019524934,-1.1244633,-0.73480207,0.8786501,-1.1319908,-0.3839934,-0.10654935,-0.78821117,-1.3480119,-0.741641,-0.7597572,0.081645414
0.17893742,-2.2457328,-0.5331712,-0.7956038,0.46357673,-0.44665813,-0.1387749,0.0313394,-0.9775013,-1.1005061,-0.32165718,-0.4809151,-0.23886679
0.2421744,-3.5832982,-0.058569044,-0.81137997,0.39112923,-0.16066903,-0.11526606,-0.0012050602,-0.04164226,0.53554475,0.112814344,0.0736895,-1.1504014
0.28439456,-3.2256196,-0.5040849,-0.75540537,0.4296203,0.040426645,0.30489123,-0.42113465,0.59192747,0.6814385,-0.97014254,-0.45034423,-0.030215349
0.7654635,0.32536286,0.27823254,1.775156,1.4358613,0.5947657,0.24282363,0.05399344,-0.23964652,0.8354132,-0.31603444,-0.23891151,0.07516863
-2.2011492,-0.014131164,-0.91262734,-0.8431651,0.6681001,0.5518853,-0.20952079,0.06802523,-0.2238077,0.09074736,-0.6031656,-0.78449035,-0.2938107
-2.4714513,-0.1478954,-0.3979133,0.15543918,-1.5925645,0.6727708,-0.2483653,0.06293519,-0.5279091,0.5861561,0.098633155,0.07007942,-0.12698756
-2.1492715,0.15148354,-0.3337966,-0.6577903,-1.3938901,0.6752721,-0.12884365,-0.041457556,-0.891557,0.5199399,-0.8911352,-0.8315203,-0.09894159
-2.620013,0.2651927,0.14633349,-0.49546087,-2.0196865,-0.76481164,-0.33670062,0.01972842,0.044466194,0.63669413,0.09530513,0.13747391,-0.029347727
-2.300253,0.20123854,-0.3337966,-0.836061,-1.2850724,-0.77095956,-0.29480258,-0.06924479,-0.94092256,0.13772136,-0.65342826,-0.6184944,-0.18094335
-1.8744869,0.25548914,-0.062672324,-1.1669046,-1.8435895,-0.5679984,-0.33319804,-0.065222956,-0.89758605,-1.1247774,-0.027275618,0.15281221,-0.25403613
-2.4380963,0.20018512,-0.15968302,-0.11393509,-1.8277903,-0.7650464,-0.31811488,-0.012553353,0.68748593,0.2695545,0.11780757,-0.7080943,0.18825814
-1.7351638,0.15991929,-0.056518376,-0.59164774,-1.5380557,-0.5783259,0.15780975,0.01878919,-0.8798173,-0.95772517,-0.84100246,-0.42167297,-0.33483618
-1.5788513,0.23167896,-0.079085015,-0.5317107,-1.6309271,-0.644912,-0.5661135,0.009370546,-0.80709225,-0.9927874,0.09816639,0.41855842,-0.65721756
-1.2755575,-0.07618173,-0.35558784,-0.44766638,-1.0165893,-0.66006744,-0.5522778,0.044462595,-0.9574323,-0.7676046,0.13759439,-0.5373205,-0.69227165
-1.5794706,-0.15594861,-0.089327015,-0.73404175,-1.4915621,-0.63913023,-0.56220186,-0.06518656,-0.5410635,-1.0236683,0.07343217,0.32907295,-0.41084605
-1.6291555,-0.098246045,0.090949975,-0.22473158,-1.1458722,-0.838636,-0.6738754,-0.11657047,0.09440544,-0.063419186,0.015595638,-0.7238124,-0.8699341
0.25577825,-3.3352323,0.09612822,-0.5322584,0.53897023,-0.24499667,0.1764316,-0.10723077,-0.7200257,-1.2189215,-0.0035771402,0.07991507,-0.25190303
0.23376952,-3.1263006,0.10475449,-0.7232823,0.63659155,-0.33236885,0.21867183,0.007548292,0.614568,-0.7892079,-0.14299618,-0.5115675,-0.3693482
0.22044529,-2.5234568,-0.56695,-0.7334484,0.49023175,-0.32363638,0.20755902,-0.08049326,-0.7921677,-0.8507443,0.06486116,-0.27411568,-0.434275
0.2295234,-2.43362,-0.5591311,-0.8601081,0.45701045,-0.2852937,0.18379992,0.026078258,-1.0341773,-0.753227,-0.13744336,-0.4628332,-0.39306316
0.29515716,-2.878315,-0.5642966,-0.5914584,0.12374495,-0.43289214,0.34238696,0.034741223,-0.14018892,-0.009002026,0.10788308,0.22094792,-0.88138676
0.81670475,0.55987084,0.23722425,-0.09569883,1.4005531,-0.19331196,0.43932062,-0.12935206,0.868201,0.81186277,0.37364173,0.24994808,0.01686671
-2.3530588,0.18934274,-0.39113426,-0.4899407,-0.9640105,-0.36565396,0.02119478,-0.17175627,-0.78755367,0.49525708,-0.9658136,-0.89199877,-0.0852751
-2.0705078,0.7898714,-0.42833582,-0.3067697,-1.1044276,-0.3995474,-0.015100105,-0.17568117,-0.7750749,0.13113958,-0.97057205,-0.94006836,-0.23809825
-2.20993,0.7972617,-0.40162638,-0.6717664,-1.0289328,-0.5551699,0.015836677,-0.05268903,0.039573576,-0.09656035,-1.0231124,-0.85352844,-0.27811614
-2.419468,0.7956251,-0.4039182,-0.43535876,-1.0937185,-0.6028778,-0.010423861,-0.021269573,-0.63438416,-0.039156675,-0.98883337,-0.60875607,-0.36749247
-2.1619735,0.7549608,-0.3888255,0.8636011,-1.350578,-0.37533566,0.0715574,-0.14174645,-0.512042,-0.7477416,-0.39103228,-0.574645,-0.38162267
-2.1470406,0.7944871,-0.41679358,-0.8374357,-1.074269,-0.43877017,0.08093734,-0.079371765,0.03481178,-0.8292773,-0.81087536,-0.43524408,0.2079741
-2.2566507,0.7060883,-0.043562904,-0.8679925,-1.4784008,-0.59595954,-0.006938854,0.040862594,-0.13944688,0.24610607,-0.055039857,-0.67956144,-0.66644806
-2.7707644,0.9801158,-0.1006301,-0.936589,-1.8177745,-0.5876318,0.05107797,-0.045484073,0.58160913,-0.07341077,0.2446879,0.24003932,-0.30643028
0.18502505,-2.6192682,-0.48973033,-0.5679993,0.5195314,-0.83482826,-0.22636619,0.030339874,-0.73513126,-0.98520446,-0.45075113,-0.32549047,-0.29450056
0.28157648,-3.4804728,-0.04732769,-0.64899164,0.5586636,-1.0604334,-0.17927209,0.01946426,-0.88003355,0.58894706,-0.90984213,-0.44926193,-0.12917468
0.24232519,-2.8059022,-0.49044368,-0.8378809,0.13757873,-1.0976697,-0.23667927,0.03290148,-0.07462584,-0.12389201,-0.6496135,-0.33143264,-0.25536484
0.22567216,-3.5027003,0.040534705,-0.2970009,0.4146536,-1.1113747,-0.1659418,-0.029167235,-0.8322927,-0.040523812,0.28331494,0.051936783,-0.0807724
0.25124958,-3.6500669,-0.098017104,-0.9672733,0.23971632,-1.1472727,-0.2520458,-0.08201453,-0.54008716,-0.041136123,0.22688617,0.26345992,-0.21101077
0.16391736,-2.1009715,-0.24230275,-0.66761017,-0.5601794,-0.20816116,-0.18728659,-0.012094058,-1.0024745,-1.2950372,-0.7519439,-0.65759677,-0.26000655
0.38634735,-0.042838473,-1.1343529,-0.86926603,0.5751636,-0.2977578,-0.096242465,-0.15480173,0.47494447,0.05236505,0.12897329,0.12055368,-1.3688892
-1.7820169,-0.0066999425,-0.8898054,-0.8165666,0.50327766,-0.06971942,-0.21499422,0.036296874,0.058339767,-1.318323,-0.8201342,-0.44384885,-0.28837374
0.55086344,-0.77867,-0.11211679,-0.46767208,-1.4196205,0.052346468,-0.23859024,-0.46261805,-0.9612735,0.47562844,0.1277832,0.24709117,-1.532847
0.53209144,-0.2674327,-0.027939484,-0.20221147,-1.3832538,0.8393768,-0.13891412,0.0022107963,-0.7146221,-0.027207267,-0.98891735,-1.4175006,-0.35576886
0.28428888,0.018728161,-1.2013838,-1.027011,0.8587149,0.59464586,-0.226709,-0.46696135,-0.95187765,0.24717435,-0.07228557,0.11908806,-0.23081037
-0.051050313,0.33648047,-0.43140885,-0.29671246,-0.91044873,-0.71521133,-0.3711672,-0.012274465,-0.9549187,0.03433745,-1.0266691,-1.627367,-0.32667467
-1.4362977,0.12686478,-0.39483047,-0.59725106,-1.2379464,-0.56701744,-0.40838012,-0.06565744,-0.694267,-0.7286773,-0.9302454,-0.73713064,0.10888518
0.009965522,0.32223997,0.07387625,-0.64440167,-1.4019136,-0.7984216,-0.38293013,-0.09024708,-0.5528143,0.12437659,-1.047134,-1.7184781,0.2227262
-0.040553007,0.26575467,-0.4170207,0.75987214,-1.5744543,-0.72128224,-0.3427454,-0.10483771,-0.9764623,-0.05156842,-0.45436406,-1.1973234,-0.34222472
-0.0022548148,0.24587223,-0.10061539,-0.6294629,-1.7089968,-0.57153827,-0.44515768,0.005159933,-0.89840466,-1.1661224,-0.8971466,-1.0211122,-0.37247932
-0.077454336,0.24946162,-0.4170207,0.8642747,-1.1357099,-0.8546999,-0.2769899,-0.1142061,-0.94605285,-0.02843493,-0.2924008,-1.5764345,-0.6080447
-0.06988758,0.3027209,-0.3895692,-0.20276102,-0.97698224,-0.76920813,-0.29909772,-0.026782015,-0.7000095,0.028953383,-1.0279706,-1.6079543,-0.26946974
0.02329809,0.30702555,-1.1709454,-0.3858174,0.54885715,-0.66156083,-0.37615177,0.021769065,0.1734702,-1.6408979,0.07586858,-0.40270957,0.31444472
0.18996094,-2.2888973,-0.54450876,-0.67632776,0.42586923,-0.8651954,-0.22650576,-0.07572409,-0.79664516,-1.1039407,-0.76707673,-0.3818021,-0.22490357
-1.1168257,-1.6514517,-0.2863598,-0.5211288,-0.6606194,-0.9536173,-0.21557175,-0.056944966,-0.82217246,0.4034128,-0.03907318,-0.4741327,-0.9276985
0.40624833,-3.228572,-0.11200523,-0.46155354,-0.5688575,-0.82435644,-0.22276892,-0.17010161,-0.7097802,-0.026272912,-0.9536742,0.5625497,-0.23985095
0.20292862,-3.040768,0.08476053,-0.30598214,0.45601118,-1.1112937,-0.24701631,-0.083770454,-0.7445828,0.024509978,-0.9896435,-0.63900506,-0.20232175
0.18709064,-3.3420827,0.10641628,0.6410056,0.698469,-0.44982177,-0.19673875,-0.18345492,-0.7079856,-1.2675699,-0.070213035,-0.2312403,0.10097734
0.14137949,-2.3832867,-0.5474006,-0.3681353,0.4057606,-0.3130287,-0.22010377,-0.16034292,-0.7353733,-0.025305893,-0.5303359,-0.68470776,-0.4853134
0.5809428,0.33760428,0.3011344,1.1093912,1.4586313,0.2375024,-0.07653901,0.10323832,0.93069994,0.87684387,-0.36913174,-0.185738,-0.08217839
-1.4887918,-0.092342675,-0.37673315,-0.6014255,-0.75679636,-0.01878195,-0.26331937,-0.012684057,-0.75450724,-1.3238796,-0.8997856,-0.47845706,-0.28105566
0.016936641,-0.35733825,0.14835124,-0.7168124,-1.6774902,-0.009139409,-0.24173793,0.053336155,-0.99523836,0.13405678,-0.6680842,-1.3900988,0.14512569
0.5897556,0.42686972,-0.44435725,-0.8210006,-0.84098375,0.45785195,-0.26061803,-0.020301118,-1.0553612,-0.049602173,-0.6876539,-1.647193,-0.1942384
-2.3762841,-0.52892,-0.08161361,-0.62289375,-1.0674889,0.78075176,-0.23348595,-0.029640185,-1.0314622,-0.04836768,-0.8462726,0.50997233,-0.40499306
-2.2695978,-0.06507077,-0.31702173,-0.45841855,-0.887991,0.7008578,-0.23063482,0.045797687,0.35143784,-0.019140577,-0.976103,-0.5228668,-0.48597118
0.07596796,-0.44759378,-0.4199821,-1.0312747,-0.950585,0.83401674,-0.20471862,-0.065064505,-1.1997342,0.1658745,0.21279003,0.1995472,0.22873443
0.052923642,-0.5243216,-0.45077106,-0.38237068,-0.8830439,0.55905646,-0.35504332,-0.05000351,-0.9263071,-1.9692799,0.35848242,0.2819566,-0.3648166
-0.08139348,-0.23608169,-0.04977017,-0.7475313,-1.550708,0.81688946,-0.27800518,-0.057593916,-1.1024563,0.115173675,-0.4695569,-1.3506994,-0.5686995
0.31939897,-0.73626024,0.075414844,-1.1186101,-1.2531997,0.6957457,-0.28274778,-0.06909026,-1.1465489,0.11711208,-0.01513088,0.17160916,-0.3800239
0.42660865,-0.3207535,-0.051940203,-0.75454617,-1.3280668,0.5222155,-0.4117847,0.025799822,-1.0747075,-2.0688865,0.01435325,-0.590017,-0.3655119
0.42928654,-0.80214196,-0.029866768,-0.55115163,-1.1802069,-0.5938586,-0.5199419,-0.087049976,-0.9724192,-1.3219227,0.10969578,0.2276569,-0.79376066
0.34051272,0.35765243,-1.1455421,0.69406617,0.8874277,-0.6027047,-0.42766017,-0.06251505,-1.2593848,-1.2228565,-0.025196247,-0.27062678,0.20946161
0.36891985,-0.31024042,-0.47473285,0.6713579,-1.0210423,-1.171191,-0.19578224,-0.14173232,-1.0520079,0.6663699,-0.38914478,-1.3282353,-0.01773116
0.4116839,0.14364159,0.1716042,-0.52334535,0.69594246,-1.3302351,-0.21823266,-0.023522358,-1.2599447,-0.03238971,-0.9980744,0.25809887,-0.20755519
0.27642202,-3.7657855,-0.045324333,-0.23619393,0.5298553,-0.9114033,-0.1364449,-0.042308036,-1.0643702,0.682304,0.34570816,0.09603668,-0.048255455
0.24261482,-3.728231,0.0015436597,-0.65851605,0.22630331,-0.13786308,-0.15386024,0.06376243,-0.054204743,-0.088798545,-0.8147692,0.25129116,-0.23019958
0.21025755,-2.993552,-0.024440994,-0.40952978,-0.43316132,-0.20598327,-0.26825035,0.018329225,0.40689778,-1.6862991,0.25338307,0.20000839,-0.1402975
0.19569393,-3.275964,-0.031885155,-0.4742175,0.57989764,-0.49847746,-0.20338577,-0.081611544,-0.51924723,-1.5237708,0.186783,0.15236446,0.23026313
0.22410265,-3.0302434,0.1307126,-0.63095874,0.54233307,-0.04432415,-0.15433031,-0.09005773,-0.4608035,0.042441495,-0.064895004,-0.6880387,-0.9876016
0.19161414,-3.3678598,0.097269796,-0.57325155,0.6916912,-0.03787308,-0.1375086,-0.101969615,-0.47311416,-1.2675835,-0.5056921,-0.4201412,-0.33806726
0.56442255,0.28535298,0.21968554,-0.35161605,1.46235,1.0520397,0.35128623,-0.013821967,1.0193778,0.47453326,0.3211785,-0.26677138,0.4299413
0.061133977,-0.22416866,-0.49848706,-0.73226833,-1.1407603,0.59518516,-0.12068094,-0.45191136,-0.71131474,0.59095895,-0.65985334,-0.692202,-0.22763821
-2.102671,0.2249986,-0.38630065,-0.59890497,-0.7494194,-0.50244486,-0.352338,-0.17175627,-0.58204633,0.54764664,-1.0039806,-1.1477406,-0.0852751
-2.1141326,0.13881585,-0.44605002,-0.44439766,-1.4540827,-0.7452657,-0.32353193,-0.03296162,0.020060714,0.5219151,-1.0497314,-0.91845566,-0.12939094
-2.2967305,0.1493823,-0.3812924,-0.55214447,-1.3341358,-0.74136424,-0.29669538,-0.031878304,-0.5653381,0.16685198,-1.0381229,-0.68501127,-0.22495134
-1.8078082,0.16730595,-0.092247985,-0.5018725,-1.9056652,-0.5265808,-0.33254972,-0.056289047,-0.7739001,-0.8449826,-0.5739002,-0.4417196,-0.3792273
-1.650547,0.15466139,-0.45318672,-0.7269225,-1.3814143,-0.5825867,-0.36220926,-0.09409334,0.42564398,-0.78782797,-0.5934304,-0.6949281,0.20513573
-2.0650477,0.16398248,-0.45628038,-0.5359813,-1.3349681,-0.80794793,0.17580391,-0.11282651,0.09060411,0.022784276,-0.013561952,-0.49819803,-0.74307156
-1.5987962,-0.091072425,-0.43824527,-0.5644027,-1.2377951,-0.5360989,-0.60005665,-0.016062014,0.5978694,-0.9765825,-0.8085755,-0.4516437,-0.4358645
-0.01620479,-0.16033933,-0.06793568,-0.6405763,-1.4795775,-0.6510434,-0.8184438,-0.0661739,-0.63071877,-1.0552951,0.16380589,-0.5899933,-0.81306815
-1.4024587,-0.04178887,-0.08116728,-0.77273494,-1.4337641,-0.5916571,-0.60128284,0.051933195,0.31219572,-0.7816991,-0.026097871,-0.53517216,-0.7048765
-0.035081435,-0.18069008,-0.37246245,-0.741,-0.9708329,-0.62541264,-0.85727197,0.04347525,-1.05961,-1.0461224,0.18083794,-0.52479994,-0.7880412
-1.3197724,-0.17295685,-0.36638004,-0.60352653,-0.7873939,-0.61450416,-0.65143067,0.044462595,-0.82540107,-0.89581144,0.117545776,-0.49788687,-0.7119624
0.0011321069,0.27007565,-1.1829556,-0.80505204,0.7572111,-0.64090765,-0.34831342,0.0142984735,-1.1425097,-1.2240678,0.11234924,-0.354973,-0.78894997
0.20027758,-3.0559175,0.10480337,-0.6259527,0.42626518,-0.3234194,0.18605241,-0.08362675,-0.63766307,-1.5043559,-0.7841127,0.106873654,-0.26102486
0.16026974,-2.0092456,0.055675406,-0.83773005,-0.5156904,-0.1982298,-0.38585117,0.020616714,0.14682612,-1.1642038,0.04129062,-0.61795133,-0.4128285
0.41607854,-3.0532486,0.064688385,0.3234869,-0.4782153,0.8032248,-0.3979246,-0.18380491,0.104770355,0.2920559,0.034220256,0.11753216,-0.67834747
0.29434323,-2.971969,-0.51424915,-0.68107134,0.43093157,-0.7096548,-0.7405113,0.009448006,0.47296226,0.55808616,-0.90661407,-0.46072093,-0.2092148
-1.7474288,0.5568535,-0.33997127,-0.8692429,-0.85752183,-0.5535482,-0.5526458,0.01878919,0.019295212,-0.99421906,-0.5269239,-0.45598292,-0.35726973
-2.1304343,-0.39855096,-0.39012635,0.17498565,-1.2973989,-0.77116185,-0.5383301,0.033531666,-0.8474832,0.1286609,0.05672396,0.030575112,0.08904065
-1.8834251,0.8249851,-0.039929856,-0.37622678,-1.3014994,-0.7371197,-0.4789774,-0.05314407,-0.7182413,-0.04719637,-0.9813522,-0.8133387,-0.33496988
-1.9028438,0.78446245,-0.40271732,-0.513405,-0.89820147,-0.7352049,-0.50488245,-0.020579083,-0.66846234,-0.029727057,-1.0154946,-0.7822981,-0.34003875
-1.9889638,0.8432945,-0.1150502,0.8516585,-1.559564,-0.54409415,-0.38086796,-0.11783345,-0.7563705,0.415872,-0.43237588,-0.771769,-0.2635691
-2.01655,0.8009161,-0.35678053,-0.19965014,-0.94778943,-0.71758574,-0.3615204,-0.052166715,-0.5856398,-0.061722472,-0.9755505,-0.7803306,-0.25638402
-1.686033,0.17307276,-0.40471002,-0.31284845,-1.1519922,-0.53841656,-0.41045967,-0.04834758,-0.626587,-1.1550411,0.10241001,-0.5207859,-0.27576748
-1.740991,0.1887615,-0.049975034,0.63612,-1.6324433,-0.5833398,-0.4486074,-0.0366601,-0.9383783,-0.574448,-0.035241593,-0.45974642,-0.26172668
-1.7468066,0.23765785,-0.3214806,-0.39458928,-1.2276307,-0.6274356,-0.44160458,-0.07235408,-0.59430677,-1.0841055,0.19259207,0.44352415,-0.69313323
-1.9163629,0.84602946,-0.31534642,-0.18488339,-0.8388682,-0.8191301,-0.38984418,-0.112499416,-0.6900902,0.046352092,0.010415193,-0.56159246,-0.89761776
0.251614,-3.596347,0.020332588,-0.5641571,0.43742755,-0.056479458,0.019744586,0.06376243,0.0656612,-0.063817,-0.97853166,-0.42320263,-0.22078697
0.4201827,-0.03902985,-1.0890983,-0.58969015,0.632762,0.12056525,0.2806186,-0.036214113,-0.961235,-2.0432146,0.22622408,0.2201561,-0.15432736
0.34942776,-0.3531324,-0.118613265,-0.39370605,-1.4020563,0.42694107,-0.044014085,-0.46815923,-1.0601355,0.16143937,-0.065935954,-1.4059079,-1.4389583
0.29784936,-3.1537156,-0.5408927,0.90265393,0.5604387,-0.37976235,0.37778658,-0.16958944,0.16379228,-0.11223483,-0.3444944,-0.25330833,-0.37528977
0.37922862,-2.5678694,0.050946414,-0.5299018,-0.74593014,-0.17397013,0.3343841,-0.021426268,-0.86601233,-1.0197041,-0.8172119,-0.5129873,-0.34993836
0.27051428,-3.5040789,0.10491414,0.53100526,0.5628472,-0.37253153,0.36215472,-0.10414558,-1.1851531,0.37965667,0.004414982,0.052825134,-0.6562018
0.29998493,-3.9207518,-0.061996296,-0.68757915,0.5478918,-0.66464216,-0.25837517,-0.041458767,0.82835263,-0.053479794,-0.6667035,0.23127106,-0.4107431
0.21653478,-3.2868688,-0.04649119,-0.5241501,0.6844628,-0.45464504,-0.2296428,-0.0700337,-0.5674323,-1.0562949,-0.78377146,-0.30259204,-0.33566073
0.54422945,0.5447665,0.26275688,1.9671075,1.5879493,-0.21345723,0.67697513,0.006628637,0.38866168,-0.22071925,0.120700575,-0.3628464,-0.32547063
-1.7300011,-0.29356912,0.03291268,-0.562658,-1.0107174,-0.3087489,0.29440483,0.004454733,-0.8845044,-0.83150285,0.18470353,-0.48037076,-0.71479666
0.37675348,-2.440327,-0.27742958,-0.7296619,-0.6595072,-0.19899645,0.38356003,-0.08936798,0.1274199,-0.9188853,0.10251575,-0.4485426,-0.40297577
-1.1560774,-1.4768474,-0.21755992,-0.49020725,-0.97446734,-0.30531824,0.20541124,-0.027814474,-0.5904063,-0.742474,-0.083292924,-0.41168413,-0.6734482
-2.2115846,0.8741694,-0.14291063,-0.59599453,-1.5115647,-0.34580678,0.20999086,-0.1756436,0.47851697,0.20926295,-0.026668351,-0.68061393,-1.0299681
-2.0973852,0.76115894,-0.3527477,-0.28061303,-0.98975635,-0.3679539,0.04926593,-0.03051591,-0.6254661,-0.9406253,-0.85924166,-0.47305232,-0.2660635
-2.5461698,0.91491663,-0.46776,-1.0134581,-0.78308535,-0.60163414,0.0018095518,-0.012553353,-0.9140838,0.31555265,-0.0098724915,-0.6895054,0.037526477
-1.9417423,0.7737982,-0.35259718,-0.6003921,-0.95198363,-0.26149878,0.23095353,0.020746274,-0.69054663,-0.87099624,-0.85924166,-0.6895319,-0.32369447
-2.3750567,0.24586439,-0.12410817,-0.6665177,-1.9239782,-0.5713733,0.23396562,-0.11209089,0.052366912,-0.05510647,0.15954182,0.08477863,-0.5028078
-2.49883,0.16208687,-0.47189516,-0.52631074,-1.4911103,-0.4898401,0.20743735,-0.05961342,0.5374461,-0.08191626,-0.9476138,-0.59985465,-0.42403278
-1.9213423,0.15507981,-0.3881594,-0.6077454,-1.3938558,-0.2950044,0.23226888,-0.056289047,-0.8126459,-0.85725427,-0.81030047,-0.4772411,-0.36176842
-2.1690857,0.8481047,-0.11029584,-0.7047094,-1.4852923,-0.56759876,0.16943246,-0.030637963,-0.5686698,0.022241684,-0.68151045,-0.8669844,0.09285918
-0.23424986,-3.3218164,-0.08546506,-0.6143479,0.59554076,-0.5430262,0.025007758,-0.098492905,-0.98994124,-0.14033814,-0.83487314,-0.49515134,-0.26604652
-1.8306818,0.13178548,-0.39715853,-0.54021853,-1.2890116,-0.733966,-0.18145986,-0.17175627,-0.62398535,0.49374735,-0.9658136,-0.9397399,0.064989775
-1.9536772,0.14192495,-0.43662164,-0.57162046,-1.3836703,-0.9550283,-0.18710193,-0.013674261,0.02602189,0.53778523,-0.91563183,-0.9181272,-0.09599487
-2.1012437,0.14298683,-0.4241939,-0.54177475,-1.3549995,-0.7535119,-0.21517517,-0.17175627,-0.74980605,0.5365495,-1.0381229,-0.632552,-0.06956643
-1.8229133,0.1234159,-0.46165875,-0.744403,-1.4145067,-0.733966,-0.22104734,-0.17175627,-0.6864052,0.5112995,-0.60920155,-0.8951923,0.030411895
-1.8608057,0.13021228,-0.34434745,-0.8289814,-1.1870216,-0.94977725,-0.22115424,-0.06329776,-0.9772545,0.12117052,-0.6479994,-0.8956676,-0.13594352
-1.6422031,-0.08577203,-0.32101986,-1.178077,-1.0837585,-0.7701287,-0.25328976,0.020746274,0.1947715,-1.3072774,-0.021709174,0.31908998,-0.24707067
-1.4932399,-0.13985601,-0.31834456,-0.43073845,-1.1346827,-0.9523026,-0.22346547,0.04641968,0.11032284,-0.92756474,0.1334449,0.13383663,-0.7416258
-1.4948462,-0.09142849,-0.31834456,-0.65820706,-1.1768688,-0.9523026,-0.22346547,0.04641968,0.12512898,-0.87318575,0.13848281,0.12943706,-0.66420555
-1.6150088,0.3025599,-0.31558076,-0.8697523,-1.3123223,-0.9523026,-0.25317532,0.04641968,0.15033472,-0.87240505,0.113748625,0.19637027,-0.4132545
-1.4894074,0.36278537,-0.34676522,-0.49742246,-0.41022196,-0.9213835,-0.24071206,-0.060116254,-0.6853587,-0.8935006,0.12403351,0.49371383,-0.77062154
-1.2307636,0.20667854,-0.3860514,-0.4391302,-0.66927356,-0.90935266,-0.26079637,-0.0565745,-0.8255893,-0.6946938,-0.46739796,-1.0479538,-0.34041724
-1.3882483,0.16792196,-0.40605205,-0.73172426,-1.2703396,-0.94054604,-0.22977345,-0.06252153,0.7505637,-0.754181,-0.088432886,-0.67889875,-0.36609215
-1.4340526,0.17775154,-0.3670281,-0.5638682,-1.1825233,-0.94193435,-0.25784668,-0.06252153,-0.58943313,-0.87137854,-0.05527546,-0.494009,-0.71498275
-1.4041668,0.17427054,-0.39561477,-0.73567516,-1.2178345,-0.9390564,-0.29676768,0.018798225,0.52893025,-0.79843354,-0.052831702,-0.6181718,-0.7135125
-1.4597552,0.23088735,-0.38119948,-0.4714552,-1.1140573,-0.9490247,-0.2585987,0.04641968,0.14427736,-0.86303186,0.14832196,-0.47585353,-0.7354292
-1.5349371,0.35741746,-0.3470735,-0.5623875,-0.39025795,-0.96643066,-0.24205908,0.04641968,-0.8504951,-0.9263042,0.12743661,0.4600363,-0.7455945
-1.6132393,-0.17155096,-0.3814724,0.5041369,-1.4386598,-0.95463884,-0.25094637,-0.036817152,-0.9940097,-0.7232731,0.043749984,0.05214655,-0.3407879
0.001888922,-0.5629375,-0.4063904,-0.94651526,-0.7696146,-1.1664567,-0.34597206,0.04190289,-1.123102,-1.313724,0.10923912,0.43993023,-0.5707223
-1.2488412,-0.09425153,-0.38119948,-0.6846704,-1.2456142,-0.95964175,-0.13572904,0.04641968,-0.9883011,-0.87272847,0.13606459,-0.4141783,-0.658009
0.24971424,-3.1741896,0.18343869,-0.692264,0.6240266,-1.1423469,-0.13617536,-0.097219974,0.15458593,-0.11162244,-0.6305408,-0.5867542,-0.2724392
0.25377887,-3.0471048,-0.5046906,-0.67378896,0.4825981,-0.2728501,-0.2099126,-0.43568653,-0.6549279,0.05577935,-0.9338584,-0.35204864,-0.2524218
0.2940877,-3.1898239,-0.559931,0.82710344,0.5711705,0.15815772,-0.2154052,-0.19586997,-1.0825156,0.57790786,-0.3122043,-0.31170413,-0.15079755
0.29710197,-3.9196973,-0.111372314,-0.29242736,0.46145967,0.58737767,-0.2876475,-0.10232426,0.8087905,-0.047624685,-1.0108635,0.29090625,-0.4973271
0.03083901,0.33087328,-0.34321633,-0.7027284,-1.5559175,0.75955534,-0.14159334,-0.06433277,-0.9386824,0.15043783,-0.7035131,-0.5669725,-0.5194326
0.033389073,0.27311277,-0.03167013,-0.720248,-1.6779182,0.67919636,-0.27647066,-0.07572039,-0.8747167,-1.3749459,-0.87594855,-0.9833413,0.17891432
0.2265429,1.4117364,-0.4592059,0.060766228,-0.03877095,0.9111961,0.36880526,-0.042821664,0.89912885,0.33275774,0.41370383,0.9332013,0.45494276
0.5070154,0.4836158,-1.128007,-0.77983373,0.75760114,-0.5530381,-0.43179193,-0.052955244,-0.5043302,-1.4795431,-0.7773595,-0.58028597,-0.38294226
-1.7570945,0.8400347,-0.4305432,-0.84920347,-1.1385479,-0.76891077,-0.29344496,-0.024556076,-0.9538553,0.27867863,-0.06703906,-0.76860845,-0.71751827
-0.008490191,-0.19469374,-0.4607069,-0.8639115,-1.208115,-0.5791529,-0.4288461,-0.060805842,-0.92953855,-1.4189451,-0.5440032,-0.6017293,-0.36989492
-0.12992287,-0.16370374,-0.39123607,-0.75959027,-0.9677119,-0.7790284,-0.30246052,-0.07365689,-1.0613751,0.31739497,-0.4626728,-1.403812,-0.78822577
-2.319506,0.2553816,-0.39430806,-0.43309912,-1.5636115,-0.7538245,-0.29435232,-0.0019822137,-0.7695572,-0.06294327,-0.9888533,0.1398927,-0.34083682
-2.0530202,0.19888964,-0.29223087,-0.5525619,-1.0948552,-0.7420717,-0.29548055,0.027333176,0.33250588,-0.06305253,-1.0129308,-0.8910379,-0.3465375
-1.759758,-0.14019802,-0.0039081415,-0.40583816,-1.5422922,-0.5338882,-0.30531883,-0.024618201,-0.85046047,-1.1500833,0.27667287,0.11499018,-0.2489704
-2.05839,-0.10408134,-0.34009063,-0.82718956,-1.1279149,-0.8331394,0.112977035,0.05271328,0.124826886,-0.14783561,0.11309293,0.329789,-0.54980797
0.106130905,-3.2699344,-0.26885223,-0.97455573,-0.568576,-0.77043366,-0.6453316,-0.10657351,0.040997557,0.039410833,0.16684368,0.14686888,0.19820973
-1.7794881,0.78535473,-0.40873814,-0.49852413,-0.9516691,-0.59397864,-0.5973713,-0.10636623,0.49943274,-1.0380309,0.07862268,-0.5305175,0.22225246
-1.6592884,0.18728375,-0.09705194,-0.34301022,-1.4978997,-0.59031713,-0.5973713,-0.10636623,0.114196554,-0.8593181,-0.015217503,-0.43574774,-0.65730107
-2.2245128,0.26001716,0.02652999,-0.35263103,-0.9118757,-0.8092051,-0.60264707,-0.10779494,-0.86202043,0.09803951,0.16073497,-0.7312909,0.32426834
0.20008355,-2.7489698,-0.48651114,0.59422934,0.52377295,-0.6502822,-0.50600415,-0.16973753,-0.44863087,-0.97521114,0.10937024,-0.25725442,-0.3120939
0.23455386,-2.7417455,-0.58768415,-0.5543857,0.5555166,-0.34113878,-0.4824481,-0.47431475,-0.819907,0.37215075,-0.83246136,-0.58080626,-0.025533611
0.544119,-0.33607808,0.11518672,-0.5878526,-1.4733001,0.005893421,-0.49063927,0.04427048,-1.0983177,0.74073213,-0.8404479,-1.3326626,0.024625372
0.31306913,-3.555462,0.10654381,-0.7981257,0.5857315,-0.11328139,-0.45569643,-0.077894926,-0.9698337,0.76736027,-0.58008564,-0.26997083,-0.027915465
0.21833412,-2.484039,-0.5245767,-0.68533695,0.13148214,-0.058370616,-0.48736835,-0.011138453,-0.0339624,-1.5512015,-0.68694454,0.2018548,-0.25618622
0.270527,-2.8729155,-0.55024445,-0.56641096,0.27091512,0.1065525,-0.46417826,-0.027667543,-0.917809,0.5489002,0.096944235,0.0690059,-1.1070361
0.30988273,0.06042533,0.14676778,-1.034916,0.9411826,0.61299694,-0.74031883,-0.08324698,-1.2207538,-2.0752826,-0.404736,0.04803235,-0.41246644
-1.2367573,-1.800575,-0.33360642,-0.35236824,-0.5364723,0.5926535,-0.2922295,-0.4624395,-0.515636,0.22754434,0.10432686,-0.48763013,0.14163771
-1.978776,0.8149427,-0.4346011,-0.53693545,-1.1165878,-0.5598495,-0.50488245,-0.018915301,-0.6751552,-0.032490283,-0.86114067,-0.68616384,-0.48697948
-1.4846505,0.14730892,-0.040205207,-0.84860075,-1.0771884,-0.5722009,-0.58203936,-0.02813182,-0.97366786,-0.8510114,-0.520823,-0.9161313,-0.29160255
-1.5148154,-0.11033323,-0.43510664,-0.55835944,-1.210358,-0.6644444,-0.6218895,-0.11383683,0.031300917,-0.8478188,0.17899759,-0.41649875,-0.6385231
0.26064217,0.004440373,-1.0783211,-0.7600736,0.6455446,-0.64589405,-1.0127766,0.05463828,-0.89762473,-1.719884,0.048816934,-0.3588166,0.24141124
0.34332818,0.6227114,-0.0043234825,-0.7083018,0.61920786,-0.65403354,-0.99041134,-0.06852982,-0.81795925,-1.3971429,0.08685312,0.28997228,-0.8323541
0.3199254,-1.8932459,-0.2541784,-0.78692347,-0.5012797,-0.5985045,-0.63933367,-0.022108557,0.6038432,-0.88493484,-0.0574194,-0.6718618,-0.69907546
-0.04957121,-0.15344214,-0.44640508,-0.4881065,-0.92879575,-0.8690377,-0.66557026,-0.009057518,-0.8324608,0.054869074,6.0471473e-05,-0.6749063,-1.3072319
0.3981654,-0.33887786,-0.044893794,-0.9434278,-1.2208927,-0.5100121,-0.81976944,0.022111036,-0.9502757,-1.337593,-0.4877823,-0.8685642,-0.33900476
0.4370212,-0.78347206,-0.101680204,-0.78563064,-1.0290023,-0.60898775,-0.9697471,-0.07822943,0.5267781,-1.4540721,0.065125816,0.46456933,-0.5544547
0.2750156,-0.3938268,-0.44117936,-0.85666525,-0.79397345,-0.6105864,-0.9688371,0.04347525,-0.009593983,-1.1069161,0.14915067,-0.56515574,-0.8651784
0.26979673,-0.38885245,0.031609774,-0.6694264,-1.1486701,-0.6027227,-0.92492104,0.0015103011,-0.89076024,-1.1272806,0.09848279,-0.603823,-0.8722643
0.32998914,-3.729176,0.099453084,-0.96735257,0.6274708,-0.46003616,0.13394824,-0.097219974,0.22163446,-0.07290964,-0.042705912,-0.315723,-0.18001005
0.31800088,-3.5901396,-0.09258692,-0.48922485,0.6016231,-0.3232884,0.10335984,-0.14097969,-0.7901514,-0.039363094,0.029674005,-0.331753,-0.21703613
-2.0112345,0.5610393,-0.32217973,-0.5643011,-0.9606269,-0.3790908,0.045225136,0.020746274,0.13710736,-0.83991873,-0.8590584,-0.72484756,-0.3572197
-2.2549415,0.87664765,-0.42697597,-0.4258397,-1.3396673,-0.44400162,0.020141201,-0.17010242,-0.5377774,0.31985444,0.15662956,0.20065084,-1.0739348
-2.5124798,0.61538434,-0.32217973,-0.18367746,-1.0310727,-0.60235554,-0.0076796412,0.027333176,0.2638913,-0.08628616,-1.0105637,-0.5946602,-0.3120097
-2.247075,0.8251865,-0.3645765,-0.26840952,-1.2164216,-0.3929614,0.07692923,-0.025916686,-0.6289477,-1.1778817,0.24840613,0.2385138,-0.23396559
-1.9739351,0.8122187,-0.4156025,-0.7292612,-1.131657,-0.47233057,0.07306872,-0.069992125,-0.5756421,-0.7945768,0.16278264,-0.4426526,-0.4046495
-1.854272,0.8705167,0.14560539,0.7900744,-1.667033,-0.41510755,0.01943568,-0.07119979,-0.8525799,0.19259463,-0.03036556,-0.6780201,-0.62320215
-2.2945116,0.85968816,0.10942419,-0.5161164,-1.544996,-0.5540383,0.018680455,-0.079710424,0.16926001,-0.09587557,-0.90875465,-0.7656879,-0.32351136
-1.9414868,0.22024664,0.07317274,-0.3972097,-1.5924459,-0.46551925,0.044507038,-0.082405925,-0.71946406,-0.9658947,0.072054766,-0.5550198,0.20980643
-1.7863097,0.18177167,0.061854716,-0.6030271,-1.5479339,-0.63762116,-0.010482322,-0.10977733,-0.88467395,-0.022457091,-0.54236877,-0.8407417,-0.43064454
-0.04323969,0.55005467,-1.1696087,-0.35703465,0.1966661,-0.4207899,0.31522274,-0.018845536,-0.84391326,-1.4674542,0.25542298,0.14328572,-0.2110605
0.6091607,0.02111049,-0.2786018,-0.70658326,-1.5061008,-1.2146199,-0.112958305,-0.012526536,0.16323407,0.29631352,-0.7014395,-0.6003978,-0.24716076
0.37410137,-0.41448617,-0.083928436,-0.8284515,-1.4187726,-1.1926763,-0.6465964,-0.07356237,0.107770905,-1.2200263,-0.5208519,-0.8648684,0.1594645
0.23076007,-0.39348876,-0.05001519,-0.95273304,-1.1241447,-1.1890944,-0.67612606,-0.070758834,-1.1374213,-1.2115506,-0.08746775,-0.51805216,-0.48271653
0.37358207,-2.5226092,0.070706226,-0.6193158,-0.63083184,-1.2104828,-0.40268788,-0.117119595,-1.1095068,-0.03391213,0.16185048,-0.53640634,-0.6339887
0.39401382,-2.7445514,-0.076283626,-0.5615443,-0.64330393,-0.07178005,-0.37344858,-0.07626685,-0.96640694,-0.04222782,0.2145979,-0.5077567,-0.12619585
0.26775008,-3.5685074,-0.09788257,-0.49797365,0.58617115,-0.20764555,-0.4047096,-0.07448978,0.10029704,-0.09986281,-0.8492459,-0.30781308,-0.250511
0.24368936,-3.4129636,-0.031048996,-0.81860703,0.550879,0.10376028,-0.46102837,-0.030826356,-1.0135679,-0.042429715,-0.5933852,-0.3377954,-0.19873658
0.25690004,-3.0171733,-0.49619988,-1.1086291,0.26937205,0.60765105,-0.4399796,-0.030826356,-1.1047883,-0.022633025,-0.027095415,0.22090468,-0.33945355
0.30781695,-0.3406429,-0.03938582,-0.7430792,-1.2026988,0.57378656,-0.6239695,0.02737218,-1.0255549,-2.0580904,0.047113124,-0.59564215,-0.40815616
0.7530482,0.5242941,-0.0007564719,0.009299037,1.166768,0.95887136,-0.31529087,-0.0072480254,1.0467647,0.41934693,0.43086433,0.3130934,0.436297
0.061026018,0.40765184,-0.0382935,-0.42239943,-1.0948806,-0.8995317,-0.66175884,-0.094819665,-1.0956144,0.068809256,-0.95730966,-0.92249364,0.14193183
-2.489703,0.92758524,0.11748525,-0.61534065,-1.3120353,-0.77054584,-0.6014962,-0.08518909,-0.002502314,0.30602184,-0.9271998,0.58725196,-0.16282284
-2.302922,0.8207663,-0.40806767,-0.50843865,-0.99340874,-0.7769876,-0.547288,-0.06687766,0.07266459,-0.067659244,-0.90249836,-0.532832,-0.34517083
-2.363814,0.19067699,-0.12662175,-0.5685836,-1.283057,-0.75666106,-0.64325047,-0.012983771,0.003599638,0.550605,-0.90249836,-0.95637494,-0.11752148
0.020525841,0.37801436,0.13531187,-0.29056764,-1.4403127,-0.7589467,-0.7502397,0.03768646,0.6577548,0.6732041,-1.0603406,-1.0783123,-0.12046008
0.022155745,0.36689663,-0.017386425,-0.546214,-1.2688851,-0.754686,-0.66175884,-0.02367202,-0.8235801,0.0528774,-1.0029751,-0.8425028,-0.23230746
0.6461739,-0.3567745,-0.082607426,-0.4720032,-1.3255856,-0.76408273,-0.4537731,-0.07450342,-0.6014765,-0.04203944,0.11389041,0.52108693,-0.19985154
0.5751712,-0.02094506,-0.10160435,-0.50235456,-1.4307804,-0.8215247,-0.53989387,-0.090366155,0.744882,0.046449363,-0.9435273,-1.12903,0.17610143
0.62128615,-0.22493197,-0.10965901,-0.40393925,-1.4274116,-0.7387699,-0.53989387,-0.09306758,0.4536394,0.019308899,-1.0342889,-0.64865065,-0.3336413
0.32975838,-0.16019028,-0.093685664,-0.46873382,-1.433735,-0.5189981,-0.6633789,-0.0319227,0.11484152,-1.4243412,-0.8776546,-0.56722075,-0.34154594
0.030608468,0.3300153,-0.42004487,-0.95405626,-0.7964314,-0.61874026,-0.55444175,0.050945845,-1.0801785,-1.3358938,-0.055089276,-0.8891278,-0.2128726
0.26693568,-0.40375316,-0.0754618,-0.6457576,-1.4787554,-0.6283535,-0.6023983,-0.03544755,-0.5935605,-1.1269735,0.08357373,-0.58224297,-0.8159024
0.14424665,-2.2047276,-0.49513492,-0.8320498,0.39469326,-0.5804186,-0.5613579,-0.11317047,-1.0386504,-0.8499985,-0.108016446,-0.35122687,-0.43171248
