url,year,date,author,description,P_pos,P_neg,P_neutral,topics,n_topics
https://www.bis.org/review/r971202b.pdf,1997,1997-11-17 00:00:00,William J McDonough,"Remarks by the President of the Federal Reserve Bank of New York, Mr. William J. McDonough, before the Association of German Mortgage Banks in Frankfurt, on 17/11/97.",0.249785,0.128501,0.621714,['real_estate'],1
https://www.bis.org/review/r970806d.pdf,1997,1997-07-30 00:00:00,"Edward W Kelley, Jr","Testimony by Mr. Edward W. Kelley, Jr. before the Subcommittee on Financial Services and Technology of the Committee on Banking, Housing and Urban Affairs of the US Senate in Washington DC on 30/7/97.",0.131759,0.055224,0.813017,['real_estate'],1
https://www.bis.org/review/r970403f.pdf,1997,1997-03-20 00:00:00,Susan M Phillips,"Testimony of Governor Susan M. Phillips, a member of the Board of Governors of the US Federal Reserve System, before the Subcommittee on Financial Institutions and Regulatory Relief of the Committee on Banking, Housing and Urban Affairs of the United States on 20/3/97.",0.039,0.12128,0.83972,['real_estate'],1
https://www.bis.org/review/r001128a.pdf,2000,2000-11-20 00:00:00,Alan Greenspan,"Speech by Mr Alan Greenspan, Chairman of the Board of Governors of the US Federal Reserve System, at the sixth annual reception for regulators, sponsored by Women in Housing and Finance, Washington, DC on 20 November 2000.",0.477103,0.013511,0.509386,['real_estate'],1
https://www.bis.org/review/r000721a.pdf,2000,2000-07-20 00:00:00,Alan Greenspan,"Testimony of Mr Alan Greenspan, Chairman of the Board of Governors of the US Federal Reserve System, before the Committee on Banking, Housing, and Urban Affairs of the US Senate on 20 July 2000.",0.365366,0.444466,0.190169,['real_estate'],1
https://www.bis.org/review/r010924a.pdf,2001,2001-09-20 00:00:00,Alan Greenspan,"Testimony of Mr Alan Greenspan, Chairman of the Board of Governors of the US Federal Reserve System, before the Committee on Banking, Housing, and Urban Affairs, U.S. Senate, Washington, 20 September 2001.",0.132805,0.511389,0.355806,['real_estate'],1
https://www.bis.org/review/r010613c.pdf,2001,2001-06-13 00:00:00,Roger W Ferguson,"Testimony of Mr Roger W Ferguson Jr, Vice-Chairman of the Board of Governors of the US Federal Reserve System, before the Committee on Banking, Housing, and Urban Affairs, US Senate, 13 June 2001.",0.215705,0.020583,0.763713,['real_estate'],1
https://www.bis.org/review/r010425a.pdf,2001,2001-04-19 00:00:00,Bodil Nyboe Andersen,"Speech by Mrs Bodil Nyboe Andersen, Governor of Danmarks Nationalbank, at the Annual Meeting of the Association of Danish Mortgage Banks, held in Copenhagen on 19 April 2001",0.25258,0.328217,0.419204,['real_estate'],1
https://www.bis.org/review/r010214a.pdf,2001,2001-02-13 00:00:00,Alan Greenspan,"Testimony of Mr Alan Greenspan, Chairman of the Federal Reserve Board on the occasion of the Federal Reserve Board's semi-annual monetary policy report to the Committee on Banking, Housing, and Urban Affairs, U.S. Senate on 13 February 2001",0.281135,0.478829,0.240036,"['real_estate', 'monetary_policy']",2
https://www.bis.org/review/r020418c.pdf,2002,2002-04-11 00:00:00,Bodil Nyboe Andersen,"Speech by Mrs Bodil Nyboe Andersen, Governor of the National Bank of Denmark, at the Annual Meeting of the Association of Danish Mortgage Banks, Copenhagen, 11 April 2002.",0.099995,0.192594,0.707411,['real_estate'],1
https://www.bis.org/review/r020108d.pdf,2002,2002-01-08 00:00:00,Eva Srejber,"Speech by Ms Eva Srejber, Second Deputy Governor of the Sveriges Riksbank, at the annual meeting of the Swedish Association of Municipal Housing Companies (SABO), Taeby, 8 January 2002.",0.132537,0.155583,0.71188,['real_estate'],1
https://www.bis.org/review/r030509c.pdf,2003,2003-04-30 00:00:00,Bodil Nyboe Andersen,"Speech by Mrs Bodil Nyboe Andersen, Governor of the National Bank of Denmark, at the Annual Meeting of the Association of Danish Mortgage Banks, Copenhagen, 30 April 2003.",0.273484,0.384386,0.34213,['real_estate'],1
https://www.bis.org/review/r030325e.pdf,2003,2003-03-19 00:00:00,Eva Srejber,"Speech by Ms Eva Srejber, First Deputy Governor of the Sveriges Riksbank, at the Institute for Housing and Urban Research, Gävle, 19 March 2003.",0.311538,0.233694,0.454768,['real_estate'],1
https://www.bis.org/review/r030212a.pdf,2003,2003-02-11 00:00:00,Alan Greenspan,"Testimony of Mr Alan Greenspan, Chairman of the Board of Governors of the US Federal Reserve System, before the Committee on Banking, Housing, and Urban Affairs, US Senate, 11 February 2003.",0.389131,0.296413,0.314456,['real_estate'],1
https://www.bis.org/review/r040820e.pdf,2004,2004-06-26 00:00:00,Liu Tinghuan,"Speech by Mr Liu Tinghuan, Deputy Governor of the People¿s Bank of China, at the 1st Jiangxi High-level Forum on Real Estate Development and Financial Support, Jiangxi, 26 June 2004.",0.274269,0.129111,0.59662,['real_estate'],1
https://www.bis.org/review/r040713g.pdf,2004,2004-06-22 00:00:00,Donald L Kohn,"Remarks by Mr Donald L Kohn, Member of the Board of Governors of the US Federal Reserve System, before the Committee on Banking, Housing, and Urban Affairs, U.S. Senate, 22 June 2004.",0.118201,0.124457,0.757342,['real_estate'],1
https://www.bis.org/review/r040618b.pdf,2004,2004-06-15 00:00:00,Alan Greenspan,"Testimony by Mr Alan Greenspan, Chairman of the Board of Governors of the US Federal Reserve System before the Committee on Banking, Housing, and Urban Affairs, US Senate, Washington DC, 15 June 2004.",0.413442,0.02538,0.561177,['real_estate'],1
https://www.bis.org/review/r040611h.pdf,2004,2004-06-03 00:00:00,Susan Schmidt Bies,"Testimony by Ms Susan Schmidt Bies, Member of the Board of Governors of the US Federal Reserve System, before the Committee on Banking, Housing, and Urban Affairs, US Senate, Washington DC, 3 June 2004.",0.066475,0.049689,0.883835,['real_estate'],1
https://www.bis.org/review/r040503b.pdf,2004,2004-04-29 00:00:00,Bodil Nyboe Andersen,"Speech by Mrs Bodil Nyboe Andersen, Governor of the National Bank of Denmark, at the Annual Meeting of the Association of Danish Mortgage Banks, Copenhagen, 29 April 2004.",0.31358,0.207159,0.47926,['real_estate'],1
https://www.bis.org/review/r040127f.pdf,2004,2004-01-19 00:00:00,Norman Chan,"Speech by Mr Norman Chan, Deputy Chief Executive of the Hong Kong Monetary Authority and Executive Director of the Hong Kong Mortgage Corporation, at the signing ceremony to launch the 90% Fixed Rate Mortgage Scheme, Hong Kong, 19 January 2004.",0.747417,0.011226,0.241357,['real_estate'],1
https://www.bis.org/review/r051208h.pdf,2005,2005-11-05 00:00:00,Wu Xiaoling,"Speech by Ms Wu Xiaoling, Deputy Governor of the People's Bank of China, delivered at the Annual Conference of Real Estate Finance in China, Beijing, 5 November 2005.",0.051897,0.045009,0.903094,['real_estate'],1
https://www.bis.org/review/r051114c.pdf,2005,2005-11-10 00:00:00,Susan Schmidt Bies,"Testimony of Ms Susan Schmidt Bies, Member of the Board of Governors of the US Federal Reserve System, before the Committee on Banking, Housing, and Urban Affairs, U.S. Senate, Washington DC 10 November 2005.",0.25594,0.037911,0.706149,['real_estate'],1
https://www.bis.org/review/r050621j.pdf,2005,2005-06-15 00:00:00,Caleb M Fundanga,"Paper presented by Dr Caleb M Fundanga, Governor of the Bank of Zambia, to the International Conference on Investment Opportunities in Zambia - Integrating African Property Markets, Lusaka, 15 June 2005.",0.314503,0.221243,0.464255,['real_estate'],1
https://www.bis.org/review/r050607e.pdf,2005,2005-06-03 00:00:00,Edward M Gramlich,"Remarks by Mr Edward M Gramlich, Member of the Board of Governors of the US Federal Reserve System, to the National Association of Real Estate Editors, Washington DC, 3 June 2005.",0.094457,0.076732,0.828811,['real_estate'],1
https://www.bis.org/review/r050602h.pdf,2005,2005-05-28 00:00:00,Ishrat Husain,"Presidential address by Mr Ishrat Husain, Governor of the State Bank of Pakistan, at the pre-budget seminar held by the Pakistan Observer, Islamabad, 28 May 2005.",0.152477,0.397268,0.450255,['real_estate'],1
https://www.bis.org/review/r050530f.pdf,2005,2005-05-26 00:00:00,Susan Schmidt Bies,"Remarks by Ms Susan Schmidt Bies, Member of the Board of Governors of the US Federal Reserve System, at the Women in Housing and Finance Spring Symposium, Capital Issues for Financial Institutions, Washington, DC, 26 May 2005.",0.182812,0.023328,0.79386,['real_estate'],1
https://www.bis.org/review/r050503c.pdf,2005,2005-04-28 00:00:00,Bodil Nyboe Andersen,"Speech by Mrs Bodil Nyboe Andersen, Governor of the National Bank of Denmark, at the Annual Meeting of the Association of Danish Mortgage Banks, Copenhagen, 28 April 2005.",0.259501,0.091792,0.648707,['real_estate'],1
https://www.bis.org/review/r050217f.pdf,2005,2005-02-12 00:00:00,Y V Reddy,"Presidential address by Dr Y V Reddy, Governor of the Reserve Bank of India, circulated in the Annual Conference of Andhra Pradesh Economic Association, Visakhapatnam, 12 February 2005.",0.078021,0.038202,0.883777,['real_estate'],1
https://www.bis.org/review/r061130f.pdf,2006,2006-11-27 00:00:00,Peter Pang,"Speech by Mr Peter Pang, Deputy Chief Exec. of the Hong Kong Monetary Authority and Executive Director of the Hong Kong Mortgage Corporation Ltd., at the signing ceremony for the HK$2 billion mortgage-backed securities issue, Hong Kong, 27 November 2006.",0.610018,0.008589,0.381393,['real_estate'],1
https://www.bis.org/review/r061002e.pdf,2006,2006-09-26 00:00:00,Susan Schmidt Bies,"Testimony of Ms Susan Schmidt Bies, Member of the Board of Governors of the US Federal Reserve System, before the Committee on Banking, Housing, and Urban Affairs, US Senate, Washington DC, 26 September 2006.",0.165042,0.028285,0.806673,['real_estate'],1
https://www.bis.org/review/r060907e.pdf,2006,2006-09-01 00:00:00,Peter Pang,"Opening remarks by Mr Peter Pang, Deputy Chief Executive of the Hong Kong Monetary Authority and Executive Director of the HK Mortgage Corp. Ltd., at the Signing Ceremony for the Retail Bond Issue Programme, Hong Kong, 1 September 2006.",0.511244,0.009126,0.47963,['real_estate'],1
https://www.bis.org/review/r060724a.pdf,2006,2006-07-19 00:00:00,Ben S Bernanke,"Testimony by Mr Ben S Bernanke, Chairman of the Board of Governors of the US Federal Reserve System, before the Committee on Banking, Housing, and Urban Affairs, US Senate, Washington, DC, 19 July 2006.",0.384715,0.354286,0.260999,['real_estate'],1
https://www.bis.org/review/r060623g.pdf,2006,2006-06-14 00:00:00,Susan Schmidt Bies,"Remarks by Ms Susan Schmidt Bies, Member of the Board of Governors of the US Federal Reserve System, at the Mortgage Bankers Association Presidents Conference, Half Moon Bay, California, 14 June 2006.",0.191529,0.340633,0.467838,['real_estate'],1
https://www.bis.org/review/r060616g.pdf,2006,2006-04-25 00:00:00,Wu Xiaoling,"Speech by Ms Wu Xiaoling, Deputy Governor of the People's Bank of China, at the International Seminar on the Housing Financing System, Beijing, 25 April 2006.",0.238808,0.014448,0.746744,['real_estate'],1
https://www.bis.org/review/r060613e.pdf,2006,2006-06-08 00:00:00,Donald L Kohn,"Testimony by Mr Donald L Kohn, Member of the Board of Governors of the US Federal Reserve System, before the Committee on Banking, Housing, and Urban Affairs, United States Senate, Washington DC, 8 June 2006.",0.235526,0.014042,0.750432,['real_estate'],1
https://www.bis.org/review/r060502b.pdf,2006,2006-04-27 00:00:00,Nils Bernstein,"Speech by Mr Nils Bernstein, Governor of the National Bank of Denmark, at the Annual Meeting of the Association of Danish Mortgage Banks, Copenhagen, 27 April 2006.",0.530031,0.103726,0.366243,['real_estate'],1
https://www.bis.org/review/r080111f.pdf,2007,2007-12-11 00:00:00,Liu Shiyu,"Speech by Mr Liu Shiyu, Deputy Governor of the People¿s Bank of China, at the Conference on Strengthening Commercial Real Estate Credit Management, Beijing, 11 December 2007.",0.32803,0.223068,0.448903,"['credit', 'real_estate']",2
https://www.bis.org/review/r070810e.pdf,2007,2007-08-02 00:00:00,Randall S Kroszner,"Testimony of Mr Randall S Kroszner, Member of the Board of Governors of the US Federal Reserve System, before the Committee on Banking, Housing, and Urban Affairs, US Senate, Washington DC, 2 August 2007.",0.243254,0.016295,0.740451,['real_estate'],1
https://www.bis.org/review/r070507c.pdf,2007,2007-04-26 00:00:00,Nils Bernstein,"Speech by Mr Nils Bernstein, Governor of the National Bank of Denmark, at the Annual Meeting of the Association of Danish Mortgage Banks, Copenhagen, 26 April 2007.",0.199883,0.343549,0.456568,['real_estate'],1
https://www.bis.org/review/r070306c.pdf,2007,2007-03-05 00:00:00,Peter Pang,"Opening remarks by Mr Peter Pang, Deputy Chief Exec. of the Hong Kong Mon. Authority and Exec. Director of the HK Mortgage Corp. Ltd., at the Signing Ceremony for the Retail Bond Issue under the HKMC's Retail Bond Issuance Progr., Hong Kong, 5 March 2007.",0.690148,0.009324,0.300528,['real_estate'],1
https://www.bis.org/review/r070216a.pdf,2007,2007-02-14 00:00:00,Ben S Bernanke,"Testimony by Mr Ben S Bernanke, Chairman of the Board of Governors of the US Federal Reserve System, before the Committee on Banking, Housing, and Urban Affairs, US Senate, Washington, 14 February 2007.",0.312772,0.436696,0.250532,['real_estate'],1
https://www.bis.org/review/r070214b.pdf,2007,2007-01-17 00:00:00,Hamad Al-Sayari,"Speech by His Excellency Hamad Al-Sayari, Governor of the Saudi Arabian Monetary Agency, to the ""Conference on Housing Finance in the Kingdom"", Riyadh, 17 January 2007.",0.772469,0.009052,0.218479,['real_estate'],1
https://www.bis.org/review/r081211e.pdf,2008,2008-12-08 00:00:00,Donald L Kohn,"Speech by Mr Donald L Kohn, Vice Chairman of the Board of Governors of the US Federal Reserve System, at the Office of Thrift Supervision National Housing Forum, Washington DC, 8 December 2008.",0.211176,0.330537,0.458287,['real_estate'],1
https://www.bis.org/review/r081209e.pdf,2008,2008-12-04 00:00:00,Randall S Kroszner,"Speech by Mr Randall S Kroszner, Member of the Board of Governors of the US Federal Reserve System, at the Federal Reserve System Conference on Housing and Mortgage Markets, Washington DC, 4 December 2008.",0.27711,0.172617,0.550273,['real_estate'],1
https://www.bis.org/review/r081024d.pdf,2008,2008-10-23 00:00:00,Elizabeth A Duke,"Testimony of Ms Elizabeth A Duke, Member of the Board of Governors of the US Federal Reserve System, before the Committee on Banking, Housing, and Urban Affairs, US Senate, Washington DC, 23 October 2008.",0.514016,0.033538,0.452446,['real_estate'],1
https://www.bis.org/review/r080924a.pdf,2008,2008-09-23 00:00:00,Ben S Bernanke,"Testimony of Mr Ben S Bernanke, Chairman of the Board of Governors of the US Federal Reserve System, before the Committee on Banking, Housing, and Urban Affairs, US Senate, Washington DC, 23 September 2008.",0.243265,0.321359,0.435376,['real_estate'],1
https://www.bis.org/review/r080716a.pdf,2008,2008-07-15 00:00:00,Ben S Bernanke,"Testimony of Mr Ben S Bernanke, Chairman of the Board of Governors of the US Federal Reserve System, before the Committee on Banking, Housing, and Urban Affairs, US Senate, Washington DC, 15 July 2008.",0.135447,0.595489,0.269065,['real_estate'],1
https://www.bis.org/review/r080709a.pdf,2008,2008-07-08 00:00:00,Ben S Bernanke,"Speech by Mr Ben S Bernanke, Chairman of the Board of Governors of the US Federal Reserve System, at the Federal Deposit Insurance Corporation's Forum on Mortgage Lending for Low and Moderate Income Households, Arlington, Virginia, 8 July 2008.",0.260525,0.062258,0.677218,"['credit', 'real_estate']",2
https://www.bis.org/review/r080620f.pdf,2008,2008-06-19 00:00:00,Donald L Kohn,"Testimony of Mr Donald L Kohn, Vice Chairman of the Board of Governors of the US Fed. Reserve System, before the Subcommittee on Securities, Insurance, &amp;amp; Investment, Committee on Banking, Housing, &amp;amp; Urban Affairs, US Senate, Washington DC, 19 June 2008.",0.308533,0.062957,0.62851,['real_estate'],1
https://www.bis.org/review/r080610f.pdf,2008,2008-06-05 00:00:00,Donald L Kohn,"Testimony of Mr Donald L Kohn, Vice Chairman of the Board of Governors of the US Federal Reserve System, before the Committee on Banking, Housing, and Urban Affairs, US Senate, Washington DC, 5 June 2008.",0.184945,0.282331,0.532725,['real_estate'],1
https://www.bis.org/review/r080425c.pdf,2008,2008-04-24 00:00:00,Nils Bernstein,"Speech by Mr Nils Bernstein, Governor of the National Bank of Denmark, at the Annual Meeting of the Association of Danish Mortgage Banks, Copenhagen, 24 April 2008.",0.198704,0.440751,0.360545,['real_estate'],1
https://www.bis.org/review/r080404a.pdf,2008,2008-04-03 00:00:00,Ben S Bernanke,"Testimony of Mr Ben S Bernanke, Chairman of the Board of Governors of the US Federal Reserve System, before the Committee on Banking, Housing, and Urban Affairs, US Senate, Washington DC, 3 April 2008.",0.288582,0.499109,0.21231,['real_estate'],1
https://www.bis.org/review/r080215a.pdf,2008,2008-02-14 00:00:00,Ben S Bernanke,"Testimony of Mr Ben S Bernanke, Chairman of the Board of Governors of the US Federal Reserve System, before the Committee on Banking, Housing, and Urban Affairs, US Senate, Washington DC, 14 February 2008.",0.254358,0.541079,0.204563,['real_estate'],1
https://www.bis.org/review/r091221g.pdf,2009,2009-12-10 00:00:00,Elizabeth A Duke,"Speech by Ms Elizabeth A Duke, Member of the Board of Governors of the US Federal Reserve System, at the Mortgage Foreclosure Policy Conference, Chicago, 10 December 2009.",0.093983,0.216699,0.689318,['real_estate'],1
https://www.bis.org/review/r091210a.pdf,2009,2009-12-03 00:00:00,Ben S Bernanke,"Testimony by Mr Ben S Bernanke, Chairman of the Board of Governors of the Federal Reserve System, before the Committee on Banking, Housing, and Urban Affairs, US Senate, Washington DC, 3 December 2009.",0.502036,0.024743,0.473221,['real_estate'],1
https://www.bis.org/review/r091202d.pdf,2009,2009-11-25 00:00:00,Ric Battellino,"Remarks by Mr Ric Battellino, Deputy Governor of the Reserve Bank of Australia, to the 6th National Housing Conference, Melbourne, 25 November 2009.",0.429707,0.262971,0.307322,['real_estate'],1
https://www.bis.org/review/r091023a.pdf,2009,2009-10-22 00:00:00,Axel A Weber,"Introductory remarks by Professor Axel A Weber, President of the Deutsche Bundesbank, at the Morning Plenary Session ""The Global Economic Crisis"" of the Israeli Presidential Conference 2009, Jerusalem, 22 October 2009.",0.335353,0.069672,0.594975,['real_estate'],1
https://www.bis.org/review/r091005e.pdf,2009,2009-09-30 00:00:00,Daniel K Tarullo,"Testimony of Mr Daniel K Tarullo, Member of the Board of Governors of the US Fed. Reserve System, before the Subcommittee on Security and International Trade and Finance, Committee on Banking, Housing, &amp;amp; Urban Affairs, Washington DC, 30 September 2009.",0.130705,0.021382,0.847913,['real_estate'],1
https://www.bis.org/review/r090806e.pdf,2009,2009-08-04 00:00:00,Daniel K Tarullo,"Speech by Mr Daniel K Tarullo, Member of the Board of Governors of the US Federal Reserve System, before the Committee on Banking, Housing, and Urban Affairs, US Senate, Washington DC, 4 August 2009.",0.108056,0.059073,0.832871,['real_estate'],1
https://www.bis.org/review/r090727e.pdf,2009,2009-07-23 00:00:00,Daniel K Tarullo,"Testimony by Mr Daniel K Tarullo, Member of the Board of Governors of the US Federal Reserve System, before the Committee on Banking, Housing, and Urban Affairs, US Senate, Washington DC, 23 July 2009.",0.121007,0.021594,0.857399,['real_estate'],1
https://www.bis.org/review/r090624d.pdf,2009,2009-06-15 00:00:00,Elizabeth A Duke,"Speech by Ms Elizabeth A Duke, Member of the Board of Governors of the US Federal Reserve System, at the Women in Housing and Finance Annual Meeting, Washington DC, 15 June 2009.",0.184709,0.347217,0.468074,['real_estate'],1
https://www.bis.org/review/r090610a.pdf,2009,2009-06-04 00:00:00,William C Dudley,"Remarks by Mr William C Dudley, President and CEO of the Federal Reserve Bank of New York, at the Securities Industry and Financial Markets Association and Pension Real Estate Association's Public-Private Investment Program Summit, New York, 4 June 2009.",0.298951,0.397692,0.303356,['real_estate'],1
https://www.bis.org/review/r090427c.pdf,2009,2009-04-23 00:00:00,Nils Bernstein,"Speech by Mr Nils Bernstein, Governor of the National Bank of Denmark, at the Annual Meeting of the Association of Danish Mortgage Banks, Copenhagen, 23 April 2009.",0.111411,0.786286,0.102303,['real_estate'],1
https://www.bis.org/review/r090226a.pdf,2009,2009-02-24 00:00:00,Ben S Bernanke,"Testimony by Mr Ben S Bernanke, Chairman of the Board of Governors of the US Federal Reserve System, before the Committee on Banking, Housing and Urban Affairs, US Senate, Washington, DC, 24 February 2009.",0.274228,0.378503,0.347269,['real_estate'],1
https://www.bis.org/review/r101216c.pdf,2010,2010-12-13 00:00:00,Norman T L Chan,"Opening address by Mr Norman T L Chan, Chief Executive of Hong Kong Monetary Authority and Deputy Chairman of the Hong Kong Mortgage Corporation Limited, at the SME Financing Guarantee Scheme signing ceremony, Hong Kong SAR, 13 December 2010.",0.606537,0.01045,0.383013,['real_estate'],1
https://www.bis.org/review/r101112e.pdf,2010,2010-09-03 00:00:00,Paul Tucker,"Remarks by Mr Paul Tucker, Deputy Governor of the Bank of England, at the Financial Stability Board FSB and Korean G20 Presidential Committee Conference, Seoul, 3 September 2010.",0.066267,0.083553,0.850181,"['credit', 'real_estate']",2
https://www.bis.org/review/r101029a.pdf,2010,2010-10-25 00:00:00,Ben S Bernanke,"Welcoming remarks by Mr Ben S Bernanke, Chairman of the Board of Governors of the Federal Reserve System, at the Federal Reserve System and Federal Deposit Insurance Corporation conference on Mortgage Foreclosures and the Future of Housing, Arlington, Virginia, 25 October 2010.",0.194759,0.01846,0.786781,['real_estate'],1
https://www.bis.org/review/r100930a.pdf,2010,2010-09-30 00:00:00,Ben S Bernanke,"Testimony by Mr Ben S Bernanke, Chairman of the Board of Governors of the Federal Reserve System, before the Committee on Banking, Housing, and Urban Affairs, US Senate, Washington DC, 30 September 2010.",0.176159,0.013532,0.810309,['real_estate'],1
https://www.bis.org/review/r100929d.pdf,2010,2010-09-24 00:00:00,Ben S Bernanke,"Opening remarks by Ms Elizabeth A Duke, Member of the Board of Governors of the Federal Reserve System, at the public hearing on potential revisions to the Home Mortgage Disclosure Act, Washington DC, 24 September 2010.",0.12532,0.014584,0.860096,['real_estate'],1
https://www.bis.org/review/r100721e.pdf,2010,2010-07-15 00:00:00,Elizabeth A Duke,"Opening remarks by Ms Elizabeth A Duke, Member of the Board of Governors of the Federal Reserve System, at the public hearing on potential revisions to the Home Mortgage Disclosure Act, Atlanta, 15 July 2010.",0.128517,0.014809,0.856674,['real_estate'],1
https://www.bis.org/review/r100629d.pdf,2010,2010-06-23 00:00:00,Njuguna Ndung'u,"Remarks by Prof Njuguna Ndung'u, Governor of the Central Bank of Kenya, at the Forum on Growing Real Estate through Finance, Kenya School of Monetary Studies, Nairobi, 23 June 2010.",0.500371,0.009802,0.489827,"['real_estate', 'monetary_policy']",2
https://www.bis.org/review/r100427c.pdf,2010,2010-04-22 00:00:00,Nils Bernstein,"Speech by Mr Nils Bernstein, Governor of the National Bank of Denmark, at the annual meeting of the Association of Danish Mortgage Banks, Copenhagen, 22 April 2010.",0.200432,0.402587,0.396981,['real_estate'],1
https://www.bis.org/review/r100401e.pdf,2010,2010-03-30 00:00:00,Guy Debelle,"Address by Mr Guy Debelle, Assistant Governor of the Reserve Bank of Australia, at the Mortgage Innovation Conference, Sydney, 30 March 2010.",0.302136,0.350045,0.347819,['real_estate'],1
https://www.bis.org/review/r100203e.pdf,2010,2010-01-27 00:00:00,V K Sharma,"Address by Mr V K Sharma, Executive Director of the Reserve Bank of India, at the Conf. on ""Affordable Housing &amp;amp; Housing Finance"", org. by the National Housing Bank, in assoc. with the World Bank and the Inter. Finance Corp., New Delhi, 27 January 2010.",0.111264,0.022491,0.866245,['real_estate'],1
https://www.bis.org/review/r100121f.pdf,2010,2010-01-13 00:00:00,Dato' Ooi Sang,"Welcoming address by Mr Ooi Sang Kuang, Deputy Governor of the Central Bank of Malaysia, for the talk on ""Managing Risks in Mortgage Financing"", Kuala Lumpur, 13 January 2010.",0.507389,0.237384,0.255227,"['real_estate', 'monetary_policy']",2
https://www.bis.org/review/r111122d.pdf,2011,2011-11-22 00:00:00,Duvvuri Subbarao,"Presidential address by Dr Duvvuri Subbarao, Governor of the Reserve Bank of India, at the 25th Annual Conference of the Indian Society of Agricultural Marketing, Hyderabad, 22 November 2011.",0.215554,0.305806,0.478639,['real_estate'],1
https://www.bis.org/review/r111108b.pdf,2011,2011-11-03 00:00:00,Charles Bean,"Speech by Mr Charles Bean, Deputy Governor for Monetary Policy of the Bank of England, to the Council of Mortgage Lenders, Mortgage Industry Conference &amp;amp; Exhibition, London, 3 November 2011.",0.270477,0.463069,0.266454,"['real_estate', 'monetary_policy']",2
https://www.bis.org/review/r111014b.pdf,2011,2011-10-12 00:00:00,Charles I Plosser,"Text of the Farash Distinguished Lecture by Mr Charles I Plosser, President and Chief Executive Officer of the Federal Reserve Bank of Philadelphia, at the Zell/Lurie Real Estate Center Fall Members' Meeting, Wharton, 12 October 2011.",0.203129,0.552273,0.244598,['real_estate'],1
https://www.bis.org/review/r110603d.pdf,2011,2011-05-04 00:00:00,Eric S Rosengren,"Remarks by Mr Eric S Rosengren, President and Chief Executive Officer of the Federal Reserve Bank of Boston, to the Massachusetts Chapter of NAIOP, the Commercial Real Estate Development Association, Boston, 4 May 2011.",0.100004,0.371073,0.528924,['real_estate'],1
https://www.bis.org/review/r110512a.pdf,2011,2011-05-12 00:00:00,Ben S Bernanke,"Testimony by Mr Ben S Bernanke, Chairman of the Board of Governors of the Federal Reserve System, before the Committee on Banking, Housing, and Urban Affairs, US Senate, Washington DC, 12 May 2011.",0.176985,0.014691,0.808324,['real_estate'],1
https://www.bis.org/review/r110502e.pdf,2011,2011-04-27 00:00:00,Nils Bernstein,"Speech by Mr Nils Bernstein, Governor of the National Bank of Denmark, at the annual meeting of the Association of Danish Mortgage Banks, Copenhagen, 27 April 2011.",0.491527,0.244899,0.263574,['real_estate'],1
https://www.bis.org/review/r110413e.pdf,2011,2011-04-12 00:00:00,Daniel K Tarullo,"Testimony by Mr Daniel K Tarullo, Member of the Board of Governors of the Federal Reserve System, before the Committee on Banking, Housing, and Urban Affairs, US Senate, Washington DC, 12 April 2011.",0.116238,0.014851,0.868911,['real_estate'],1
https://www.bis.org/review/r110408e.pdf,2011,2011-01-14 00:00:00,Eric S Rosengren,"Remarks by Mr Eric S Rosengren, President and Chief Executive Officer of the Federal Reserve Bank of Boston, at the New England Mortgage Expo, hosted by the Connecticut Mortgage Bankers Association and The Warren Group, Boston, Massachussetts, 14 January 2011.",0.142226,0.432951,0.424823,['real_estate'],1
https://www.bis.org/review/r110401c.pdf,2011,2011-03-30 00:00:00,Nils Bernstein,"Speech by Mr Nils Bernstein, Governor of the National Bank of Denmark, at the annual meeting of the Danish Mortgage Banks' Federation, Copenhagen, 30 March 2011.",0.428556,0.13397,0.437473,['real_estate'],1
https://www.bis.org/review/r110302a.pdf,2011,2011-03-01 00:00:00,Ben S Bernanke,"Testimony by Mr Ben S Bernanke, Chairman of the Board of Governors of the Federal Reserve System, before the Committee on Banking, Housing, and Urban Affairs, US Senate, Washington DC, 1 March 2011.",0.376454,0.286183,0.337363,['real_estate'],1
https://www.bis.org/review/r110224a.pdf,2011,2011-02-23 00:00:00,Thomas M Hoenig,"Speech by Mr Thomas M Hoenig, President of the Federal Reserve Bank of Kansas City, at Women in Housing and Finance, Washington DC, 23 February 2011.",0.115581,0.104531,0.779887,['real_estate'],1
https://www.bis.org/review/r110214e.pdf,2011,2011-02-11 00:00:00,Sarah Bloom Raskin,"Speech by Ms Sarah Bloom Raskin, member of the Board of Governors of the Federal Reserve System, at the 2011 Midwinter Housing Finance Conference, Park City, Utah, 11 February 2011.",0.101961,0.314865,0.583173,['real_estate'],1
https://www.bis.org/review/r121203c.pdf,2012,2012-12-03 00:00:00,William C Dudley,"Opening remarks by Mr William C Dudley, President and Chief Executive Officer of the Federal Reserve Bank of New York and Chairman of the Committee on the Global Financial System (CGFS), at The Spread between Primary and Secondary Mortgage Rates: Recent Trends and Prospects Workshop, jointly sponsored by the Federal Reserve Banks of Boston and New York, New York City, 3 December 2012.",0.210725,0.26861,0.520664,['real_estate'],1
https://www.bis.org/review/r121004i.pdf,2012,2012-09-26 00:00:00,Nils Bernstein,"Speech by Mr Nils Bernstein, Governor of the National Bank of Denmark, at the annual meeting of the Danish Mortgage Banks, Copenhagen, 26 September 2012.",0.180136,0.365867,0.453997,['real_estate'],1
https://www.bis.org/review/r120821a.pdf,2012,2012-08-21 00:00:00,Kiyohiko G Nishimura,"Remarks by Mr Kiyohiko G Nishimura, Deputy Governor of the Bank of Japan, at the Reserve Bank of Australia-BIS Research Conference ""Property markets and financial stability"", Sydney, 21 August 2012.",0.070674,0.17205,0.757276,"['credit', 'real_estate']",2
https://www.bis.org/review/r120718b.pdf,2012,2012-07-17 00:00:00,Ben S Bernanke,"Testimony by Mr Ben S Bernanke, Chairman of the Board of Governors of the Federal Reserve System, before the Committee on Banking, Housing, and Urban Affairs, US Senate, Washington, DC, 17 July 2012.",0.407127,0.442471,0.150401,['real_estate'],1
https://www.bis.org/review/r120607a.pdf,2012,2012-06-06 00:00:00,Daniel K Tarullo,"Testimony by Mr Daniel K Tarullo, Member of the Board of Governors of the Federal Reserve System, before the Committee on Banking, Housing, and Urban Affairs, US Senate, Washington DC, 6 June 2012.",0.134007,0.113577,0.752417,['real_estate'],1
https://www.bis.org/review/r120508a.pdf,2012,2012-05-07 00:00:00,John Murray,"Remarks by Mr John Murray, Deputy Governor of the Bank of Canada, to the Mortgage Brokers Association of British Columbia, Vancouver, British Columbia, 7 May 2012.",0.087068,0.061843,0.851089,['real_estate'],1
https://www.bis.org/review/r120502a.pdf,2012,2012-03-29 00:00:00,Nils Bernstein,"Speech by Mr Nils Bernstein, Governor of the National Bank of Denmark, at the Annual Meeting of the Danish Mortgage Banks' Federation, Copenhagen, 29 March 2012.",0.290011,0.299772,0.410216,['real_estate'],1
https://www.bis.org/review/r120417f.pdf,2012,2012-01-30 00:00:00,Harun R Khan,"Inaugural address by Shri H R Khan, Deputy Governor of the Reserve Bank of India, at the International Conference on ""Growth with stability in affordable housing markets"", organized by the National Housing Bank and the Asia Pacific Union for Housing Finance, New Delhi, 30 January 2012.",0.144988,0.259116,0.595896,['real_estate'],1
https://www.bis.org/review/r120404d.pdf,2012,2012-03-20 00:00:00,Njuguna Ndung'u,"Remarks by Prof Njuguna Ndung'u, Governor of the Central Bank of Kenya, at the official launch of the Housing Finance Current Account, Nairobi, 20 March 2012.",0.741982,0.011307,0.246711,"['real_estate', 'monetary_policy']",2
https://www.bis.org/review/r120322d.pdf,2012,2012-03-22 00:00:00,Daniel K Tarullo,"Testimony by Mr Daniel K Tarullo, Member of the Board of Governors of the Federal Reserve System, before the Committee on Banking, Housing, and Urban Affairs, US Senate, Washington DC, 22 March 2012.",0.17271,0.058455,0.768836,['real_estate'],1
https://www.bis.org/review/r120301a.pdf,2012,2012-02-28 00:00:00,Elizabeth A Duke,"Testimony by Ms Elizabeth A Duke, Member of the Board of Governors of the Federal Reserve System, before the Committee on Banking, Housing, and Urban Affairs, US Senate, Washington DC, 28 February 2012.",0.263769,0.461963,0.274269,['real_estate'],1
https://www.bis.org/review/r131125d.htm,2013,2013-10-31 00:00:00,Joseph S Tracy,"Testimony by Mr Joseph S Tracy, Executive Vice President of the Federal Reserve Bank of New York, before the U.S. Senate Committee on Banking, Housing and Urban Affairs, Washington DC, 31 October 2013.",0.112766,0.033853,0.85338,['real_estate'],1
https://www.bis.org/review/r131114d.htm,2013,2013-11-14 00:00:00,Janet L Yellen,"Testimony by Ms Janet L Yellen, Vice Chair of the Board of Governors of the Federal Reserve System, before the Committee on Banking, Housing, and Urban Affairs, US Senate, Washington DC, 14 November 2013.",0.655615,0.023319,0.321065,['real_estate'],1
https://www.bis.org/review/r130923h.pdf,2013,2013-09-11 00:00:00,Yandraduth Googoolye,"Address by Mr Yandraduth Googoolye, First Deputy Governor of the Bank of Mauritius, at the annual conference of the African Union for Housing Finance, Flic en Flac, 11 September 2013.",0.441143,0.015554,0.543303,['real_estate'],1
https://www.bis.org/review/r130715g.pdf,2013,2013-07-11 00:00:00,Daniel K Tarullo,"Testimony by Mr Daniel K Tarullo, Member of the Board of Governors of the Federal Reserve System, before the Committee on Banking, Housing, and Urban Affairs, US Senate, Washington, DC, 11 July 2013.",0.219756,0.020137,0.760107,['real_estate'],1
https://www.bis.org/review/r130514b.pdf,2013,2013-05-09 00:00:00,Elizabeth A Duke,"Speech by Ms Elizabeth A Duke, Member of the Board of Governors of the Federal Reserve System, at the Housing Policy Executive Council, Washington DC, 9 May 2013.",0.108984,0.381544,0.509471,['real_estate'],1
https://www.bis.org/review/r130514c.pdf,2013,2013-05-08 00:00:00,Andreas Dombret,"Contribution by Dr Andreas Dombret, Member of the Executive Board of the Deutsche Bundesbank, as Lead Discussant at the FSB (Financial Stability Board) Workshop on Commercial Real Estate Underwriting, Frankfurt am Main, 8 May 2013.",0.20438,0.229426,0.566194,"['credit', 'real_estate']",2
https://www.bis.org/review/r130416d.pdf,2013,2013-04-12 00:00:00,Deepak Mohanty,"Remarks by Mr Deepak Mohanty, Executive Director of the Reserve Bank of India, at the International Conference on ""Housing: an engine for inclusive growth"", organised by the National Housing Bank, New Delhi, 12 April 2013.",0.199427,0.179233,0.62134,['real_estate'],1
https://www.bis.org/review/r130312b.pdf,2013,2013-03-07 00:00:00,Jerome H Powell,"Testimony by Mr Jerome H Powell, Member of the Board of Governors of the Federal Reserve System, before the Committee on Banking, Housing, and Urban Affairs, US Senate, Washington DC, 7 March 2013.",0.07515,0.092804,0.832046,['real_estate'],1
https://www.bis.org/review/r130227a.pdf,2013,2013-02-26 00:00:00,Ben S Bernanke,"Speech by Mr Ben S Bernanke, Chairman of the Board of Governors of the Federal Reserve System, before the Committee on Banking, Housing, and Urban Affairs, US Senate, Washington DC, 26 February 2013.",0.251075,0.37005,0.378876,['real_estate'],1
https://www.bis.org/review/r130214d.pdf,2013,2013-02-13 00:00:00,Patrick Honohan,"Introductory remark by Mr Patrick Honohan, Governor of the Central Bank of Ireland, at the Central Bank Conference ""How to Fix Distressed Property Markets?"", Dublin, 13 February 2013.",0.16969,0.047116,0.783194,"['real_estate', 'monetary_policy']",2
https://www.bis.org/review/r130214e.pdf,2013,2013-02-14 00:00:00,Daniel K Tarullo,"Speech by Mr Daniel K Tarullo, Member of the Board of Governors of the Federal Reserve System, before the Committee on Banking, Housing, and Urban Affairs, US Senate, Washington DC, 14 February 2013.",0.227746,0.025009,0.747246,['real_estate'],1
https://www.bis.org/review/r141125a.htm,2014,2014-11-21 00:00:00,William C Dudley,"Testimony by Mr William C Dudley, President and Chief Executive Officer of the Federal Reserve Bank of New York, before the Senate Committee on Banking, Housing, and Urban Affairs Financial Institutions and Consumer Protection Subcommittee, Washington DC, 21 November 2014.",0.212005,0.042271,0.745724,['real_estate'],1
https://www.bis.org/review/r141008d.htm,2014,2014-10-02 00:00:00,Lars Rohde,"Speech by Mr Lars Rohde, Governor of the National Bank of Denmark, at the annual meeting of the Association of Danish Mortgage Banks 2014, Copenhagen, 2 October 2014.",0.136045,0.227288,0.636667,['real_estate'],1
https://www.bis.org/review/r141002h.htm,2014,2014-10-02 00:00:00,Malcolm Edey,"Opening remarks by Mr Malcolm Edey, Assistant Governor (Financial System) of the Reserve Bank of Australia, and Ms Luci Ellis, Head of Financial Stability Department of the Reserve Bank of Australia, at Inquiry into Affordable Housing, Canberra, 2 October 2014.",0.305268,0.060164,0.634567,"['credit', 'real_estate']",2
https://www.bis.org/review/r140822a.pdf,2014,2014-08-20 00:00:00,R Gandhi,"Speech by Mr R Gandhi, Deputy Governor of the Reserve Bank of India, at the ""NAREDCO CONCLAVE - Banking &amp;amp; Investment Reforms: Housing for all by 2022"", Mumbai, 20 August 2014.",0.180068,0.063378,0.756554,['real_estate'],1
https://www.bis.org/review/r140630a.htm,2014,2014-06-27 00:00:00,Christopher Kent,"Opening statement by Mr Christopher Kent, Assistant Governor (Economic) of the Reserve Bank of Australia, and Mr David Orsmond, Deputy Head of Economic Analysis of the Reserve Bank of Australia, to House of Representatives Standing Committee on Economics Inquiry into Foreign Investment in Residential Real Estate, Sydney, 27 June 2014.",0.364515,0.04413,0.591355,['real_estate'],1
https://www.bis.org/review/r140521e.htm,2014,2014-05-20 00:00:00,Charles I Plosser,"Speech by Mr Charles I Plosser, President and Chief Executive Officer of the Federal Reserve Bank of Philadelphia, at the Women in Housing &amp;amp; Finance, Inc., Washington DC, 20 May 2014.",0.237789,0.350491,0.41172,['real_estate'],1
https://www.bis.org/review/r140514b.pdf,2014,2014-05-08 00:00:00,Cecilia Skingsley,"Speech by Ms Cecilia Skingsley, Deputy Governor of the Sveriges Riksbank, at SABOs (the Swedish Association of Public Housing Companies) Finance Day, Stockholm, 8 May 2014.",0.095864,0.2377,0.666436,['real_estate'],1
https://www.bis.org/review/r140404d.htm,2014,2014-04-03 00:00:00,Lars Rohde,"Speech by Mr Lars Rohde, Governor of the National Bank of Denmark, at the annual meeting of the Danish Mortgage Banks' Federation, Copenhagen, 3 April 2014.",0.246474,0.206767,0.546758,['real_estate'],1
https://www.bis.org/review/r151007d.htm,2015,2015-10-01 00:00:00,Lars Rohde,"Speech by Mr Lars Rohde, Governor of the National Bank of Denmark, at the annual meeting of the Association of Danish Mortgage Banks 2015, Copenhagen, 1 October 2015.",0.237582,0.083747,0.678671,['real_estate'],1
https://www.bis.org/review/r150901b.htm,2015,2015-08-28 00:00:00,Pentti Hakkarainen,"Speech by Mr Pentti Hakkarainen, Deputy Governor of the Bank of Finland, to the Nordic Mortgage Council, Helsinki, 28 August 2015.",0.220869,0.227649,0.551482,['real_estate'],1
https://www.bis.org/review/r150601b.pdf,2015,2015-05-21 00:00:00,James McAndrews,"Opening remarks by Mr James McAndrews, Executive Vice President and Director of Research of the Federal Reserve Bank of New York, at the ""Mortgage Contract Design: Implications for Households, Monetary Policy, and Financial Stability"" Conference, Federal Reserve Bank of New York, New York City, 21 May 2015.",0.095166,0.205568,0.699266,"['credit', 'real_estate', 'monetary_policy']",3
https://www.bis.org/review/r150413d.htm,2015,2015-04-10 00:00:00,Luis M Linde,"Closing remarks by Mr Luis M Linde, Governor of the Bank of Spain, at the II National Congress on ""The Present and Future of the Mortgage Market. A Second Chance for Consumers and Entrepreneurs"", University of Granada, Granada, 10 April 2015.",0.517817,0.18301,0.299173,['real_estate'],1
https://www.bis.org/review/r150319f.htm,2015,2015-03-19 00:00:00,Daniel K Tarullo,"Testimony by Mr Daniel K Tarullo, Member of the Board of Governors of the Federal Reserve System, before the Committee on Banking, Housing, and Urban Affairs, US Senate, Washington DC, 19 March 2015.",0.068752,0.038601,0.892647,['real_estate'],1
https://www.bis.org/review/r161221g.htm,2016,2016-11-23 00:00:00,Philip R Lane,"Statement by Mr Philip R Lane, Governor of the Central Bank of Ireland, announcing the review of the Central Bank Mortgage Measures, Dublin, 23 November 2016.",0.251784,0.031444,0.716772,"['real_estate', 'monetary_policy']",2
https://www.bis.org/review/r161013j.htm,2016,2016-10-05 00:00:00,Lars Rohde,"Speech by Mr Lars Rohde, Governor of the National Bank of Denmark, at the annual meeting of the Association of Danish Mortgage Banks 2016, Copenhagen, 5 October 2016.",0.175449,0.166011,0.65854,['real_estate'],1
https://www.bis.org/review/r160701a.htm,2016,2016-04-27 00:00:00,Patrick Njoroge,"Remarks by Dr Patrick Njoroge, Governor of the Central Bank of Kenya, at the workshop ""Developing a Strategic Framework for Affordable Housing Finance"", co-hosted by the National Treasury and the World Bank, Nairobi, 27 April 2016.",0.741715,0.016401,0.241883,"['real_estate', 'monetary_policy', 'sovereign']",3
https://www.bis.org/review/r160623c.htm,2016,2016-06-21 00:00:00,Janet L Yellen,"Testimony by Ms Janet L Yellen, Chair of the Board of Governors of the Federal Reserve System, before the Committee on Banking, Housing, and Urban Affairs, US Senate, Washington DC, 21 June 2016.",0.340367,0.27426,0.385372,['real_estate'],1
https://www.bis.org/review/r160421b.htm,2016,2016-04-14 00:00:00,Jerome H Powell,"Testimony by Mr Jerome H Powell, Member of the Board of Governors of the Federal Reserve System, before the Subcommittee on Securities, Insurance, and Investment, and Subcommittee on Economic Policy, Committee on Banking, Housing, and Urban Affairs, US Senate, Washington DC, 14 April 2016.",0.137899,0.289883,0.572217,['real_estate'],1
https://www.bis.org/review/r160414f.htm,2016,2016-04-07 00:00:00,Lars Rohde,"Speech by Mr Lars Rohde, Governor of the National Bank of Denmark, at the annual meeting of the Danish Mortgage Banks' Federation, Copenhagen, 7 April 2016.",0.260067,0.074125,0.665808,['real_estate'],1
https://www.bis.org/review/r160413b.htm,2016,2016-03-18 00:00:00,"Amando M Tetangco, Jr","Speech by Mr Amando M Tetangco, Jr, Governor of Bangko Sentral ng Pilipinas (BSP, the central bank of the Philippines), at the 2016 Presidential Conference on WASH in Schools hosted by Rotary International, Pasay City, 18 March 2016.",0.512762,0.015725,0.471512,"['real_estate', 'monetary_policy']",2
https://www.bis.org/review/r160412a.htm,2016,2016-04-11 00:00:00,William C Dudley,"Remarks by Mr William C Dudley, President and Chief Executive Officer of the Federal Reserve Bank of New York, at the Association for Neighborhood and Housing Development Annual Community Development Conference, New York City, 11 April 2016.",0.169615,0.053654,0.776731,['real_estate'],1
https://www.bis.org/review/r160212b.pdf,2016,2016-02-09 00:00:00,Jon Cunliffe,"Speech by Sir Jon Cunliffe, Deputy Governor for Financial Stability of the Bank of England, at the British Property Federation Annual Residential Investment Conference, London, 9 February 2016.",0.099134,0.325451,0.575415,"['credit', 'real_estate']",2
https://www.bis.org/review/r171221a.htm,2017,2017-11-28 00:00:00,Jerome H Powell,"Testimony by Mr Jerome H Powell, Member of the Board of Governors of the Federal Reserve System, before the Committee on Banking, Housing, and Urban Affairs, US Senate, Washington DC, 28 November 2017.",0.21388,0.018222,0.767898,['real_estate'],1
https://www.bis.org/review/r171110a.htm,2017,2017-11-09 00:00:00,Thomas Jordan,"Summary of a speech by Mr Thomas Jordan, Chairman of the Governing Board of the Swiss National Bank, at the CFS Presidential Lectures, Goethe University, Frankfurt am Main, 9 November 2017.",0.044076,0.120053,0.835871,['real_estate'],1
https://www.bis.org/review/r170810c.htm,2017,2017-07-04 00:00:00,Abdul Rasheed Ghaffour,"Keynote address by Mr Encik Abdul Rasheed Ghaffour, Deputy Governor of the Central Bank of Malaysia (Bank Negara Malaysia), at the Dialogue on ""Sustainable Development of Affordable Housing"", Kuala Lumpur, 4 July 2017.",0.395432,0.181185,0.423383,"['real_estate', 'monetary_policy']",2
https://www.bis.org/review/r170630a.htm,2017,2017-06-22 00:00:00,Jerome H Powell,"Speech by Mr Jerome H Powell, Member of the Board of Governors of the Federal Reserve System, before the Committee on Banking, Housing, and Urban Affairs, US Senate, Washington DC, 22 June 2017.",0.568735,0.018671,0.412594,['real_estate'],1
https://www.bis.org/review/r170216a.htm,2017,2017-02-14 00:00:00,Janet L Yellen,"Testimony by Ms Janet L Yellen, Chair of the Board of Governors of the Federal Reserve System, before the Committee on Banking, Housing, and Urban Affairs, US Senate, Washington DC, 14 February 2017.",0.702476,0.04537,0.252154,['real_estate'],1
https://www.bis.org/review/r180426f.htm,2018,2018-04-24 00:00:00,Christopher Kent,"Address by Mr Christopher Kent, Assistant Governor (Financial Markets) of the Reserve Bank of Australia, to the Housing Industry Association Breakfast, Sydney, 24 April 2018.",0.174753,0.191874,0.633373,['real_estate'],1
https://www.bis.org/review/r180723f.htm,2018,2018-07-17 00:00:00,Jerome H Powell,"Testimony by Mr Jerome H Powell, Chairman of the Board of Governors of the Federal Reserve System, before the Committee on Banking, Housing, and Urban Affairs, US Senate, Washington DC, 17 July 2018.",0.474749,0.129338,0.395913,['real_estate'],1
https://www.bis.org/review/r181207a.htm,2018,2018-12-06 00:00:00,Jerome H Powell,"Welcoming remarks by Mr Jerome H Powell, Chairman of the Board of Governors of the Federal Reserve System, at the Housing Assistance Council's 2018 Rural Housing Conference, Washington DC, 6 December 2018.",0.258268,0.083148,0.658584,['real_estate'],1
https://www.bis.org/review/r190221a.htm,2019,2019-02-21 00:00:00,Peter Praet,"Speech by Mr Peter Praet, Member of the Executive Board of the European Central Bank, at the International Conference on Real Estate Statistics, Luxembourg, 21 February 2019.",0.105534,0.164339,0.730126,"['real_estate', 'monetary_policy']",2
https://www.bis.org/review/r190226e.htm,2019,2019-02-26 00:00:00,Jerome H Powell,"Testimony by Mr Jerome H Powell, Chairman of the Board of Governors of the Federal Reserve System, before the Committee on Banking, Housing, and Urban Affairs, US Senate, Washington DC, 26 February 2019.",0.320667,0.360983,0.31835,['real_estate'],1
https://www.bis.org/review/r190326a.htm,2019,2019-03-26 00:00:00,Luci Ellis,"Address by Ms Luci Ellis, Assistant Governor (Economic) of the Reserve Bank of Australia, to the Housing Industry Association March Industry Outlook Breakfast, Sydney, 26 March 2019.",0.196685,0.430871,0.372444,['real_estate'],1
https://www.bis.org/review/r190402d.htm,2019,2019-04-02 00:00:00,Abdul Rasheed Ghaffour,"Opening remarks by Mr Abdul Rasheed Ghaffour, Deputy Governor of the Central Bank of Malaysia (Bank Negara Malaysia), at the Cagamas - World Bank Affordable Housing Conference ""Solutions for Safe, Adequate, Affordable Housing for All"", Kuala Lumpur, 2 April 2019.",0.284533,0.01468,0.700786,"['real_estate', 'monetary_policy']",2
https://www.bis.org/review/r190412a.htm,2019,2019-04-11 00:00:00,John C Williams,"Remarks by Mr John C Williams, President and Chief Executive Officer of the Federal Reserve Bank of New York, at the Association for Neighborhood &amp;amp; Housing Development 2019 Annual Conference, New York City, 11 April 2019.",0.118514,0.093613,0.787873,['real_estate'],1
https://www.bis.org/review/r190430h.htm,2019,2019-03-21 00:00:00,Margarita Delgado,"Closing remarks by Ms Margarita Delgado, Deputy Governor of the Bank of Spain, at the PWC event on the ""Impact of the new law on real estate credit"", Madrid, 21 March 2019.",0.170199,0.186817,0.642984,"['credit', 'real_estate']",2
https://www.bis.org/review/r190607b.htm,2019,2019-06-05 00:00:00,Michelle W Bowman,"Testimony by Ms Michelle W Bowman, Member of the Board of Governors of the Federal Reserve System, before the Committee on Banking, Housing, and Urban Affairs, US Senate, Washington DC, 5 June 2019.",0.175807,0.016124,0.808069,['real_estate'],1
https://www.bis.org/review/r190712c.htm,2019,2019-07-02 00:00:00,Klaas Knot,"Speech by Mr Klaas Knot, President of the Netherlands Bank, at the Macroprudential Policy Conference ""Real estate taxation and macroprudential policy"", Vilnius, 2 July 2019.",0.182235,0.097866,0.719899,['real_estate'],1
https://www.bis.org/review/r190729m.htm,2019,2019-07-02 00:00:00,Vitas Vasiliauskas,"Welcome remarks by Mr Vitas Vasiliauskas, Chairman of the Board of the Bank of Lithuania, at the Macroprudential Policy Conference ""Real estate taxation and macroprudential policy"", Vilnius, 2 July 2019.",0.228841,0.053894,0.717265,['real_estate'],1
https://www.bis.org/review/r191113b.htm,2019,2019-11-13 00:00:00,Sharon Donnery,"Speech by Ms Sharon Donnery, Deputy Governor of the Central Bank of Ireland, to second annual ESRI/Department of Housing conference on the Irish housing and mortgage market, Dublin, 13 November 2019.",0.157396,0.194034,0.648571,"['real_estate', 'monetary_policy']",2
https://www.bis.org/review/r200519a.htm,2020,2020-05-19 00:00:00,Jerome H Powell,"Testimony by Mr Jerome H Powell, Chair of the Board of Governors of the Federal Reserve System, before the Committee on Banking, Housing, and Urban Affairs, US Senate, Washington DC, 19 May 2020.",0.257681,0.328376,0.413943,['real_estate'],1
https://www.bis.org/review/r200512a.htm,2020,2020-05-12 00:00:00,Randal K Quarles,"Testimony of Mr Randal K Quarles, Vice Chairman for Supervision of the Board of Governors of the Federal Reserve System, before the Committee on Banking, Housing, and Urban Affairs, US Senate, Washington DC, 12 May 2020.",0.298421,0.029792,0.671787,['real_estate'],1
https://www.bis.org/review/r200616b.htm,2020,2020-06-16 00:00:00,Jerome H Powell,"Testimony by Mr Jerome H Powell, Chair of the Board of Governors of the Federal Reserve System, before the Committee on Banking, Housing, and Urban Affairs, US Senate, Washington DC, 16 June 2020.",0.132998,0.435545,0.431457,['real_estate'],1
https://www.bis.org/review/r200715o.htm,2020,2020-06-19 00:00:00,Randal K Quarles,"Speech Mr Randal K Quarles, Vice Chairman for Supervision of the Board of Governors of the Federal Reserve System, at Women in Housing and Finance, Washington DC, 19 June 2020.",0.15519,0.048041,0.796769,['real_estate'],1
https://www.bis.org/review/r201110a.htm,2020,2020-11-10 00:00:00,Randal K Quarles,"Testimony by Mr Randal K Quarles, Vice Chairman for Supervision of the Board of Governors of the Federal Reserve System, before the Committee on Banking, Housing, and Urban Affairs, US Senate, Washington, DC, 10 November 2020.",0.243043,0.016053,0.740905,['real_estate'],1
https://www.bis.org/review/r201124d.htm,2020,2020-11-18 00:00:00,Margarita Delgado,"Opening address by Ms Margarita Delgado, Deputy Governor of the Bank of Spain, at the conference ""Consumers and the post-COVID mortgage market"", organized by ADICAE (Asociacion de Usuarios de Bancos Cajas y Seguros), 18 November 2020.",0.155727,0.059177,0.785096,['real_estate'],1
https://www.bis.org/review/r201201a.htm,2020,2020-12-01 00:00:00,Jerome H Powell,"Testimony of Mr Jerome H Powell, Chair of the Board of Governors of the Federal Reserve System, before the Committee on Banking, Housing, and Urban Affairs, US Senate, Washington, DC, 1 December 2020.",0.333316,0.075466,0.591218,['real_estate'],1
https://www.bis.org/review/r201223g.htm,2020,2020-11-24 00:00:00,Vitas Vasiliauskas,"Welcome speech by Mr Vitas Vasiliauskas, Chairman of the Board of the Bank of Lithuania, at the virtual Bank of Lithuania Real Estate Conference, 24 November 2020.",0.335164,0.404829,0.260007,['real_estate'],1
